freq (Hz),Signal 2 (Real),Signal 2 (Imag.),Signal 3 (Real),Signal 3 (Imag.),Signal 4 (Real),Signal 4 (Imag.)
0.000000000000E+00,4.898378E-01,0.000000E+00,2.767536E+00,0.000000E+00,-2.328742E+01,0.000000E+00
5.000000000000E-01,-4.671324E-02,-1.382644E-03,-4.516068E-03,2.966225E-03,-1.002015E-01,-1.488032E-01
1.000000000000E+00,-1.428615E-02,1.114095E-03,2.460434E-02,-5.747115E-03,-2.209460E-02,-1.553868E-01
1.500000000000E+00,-1.306913E-02,3.651160E-03,1.835479E-02,-4.713569E-03,-8.590301E-04,-9.105345E-02
2.000000000000E+00,2.222208E-02,-1.363371E-03,-7.565714E-03,-3.804628E-03,3.048371E-02,-2.310364E-02
2.500000000000E+00,8.627893E-03,-1.945899E-03,-6.186950E-03,2.619136E-03,1.049288E-01,4.734159E-02
3.000000000000E+00,6.691313E-03,1.029339E-03,-4.643374E-03,-8.938260E-04,6.063626E-02,1.182319E-02
3.500000000000E+00,-1.175737E-03,1.183784E-03,-3.698434E-03,-2.321306E-03,3.666444E-02,-8.841947E-03
4.000000000000E+00,-3.367333E-03,4.410113E-04,-4.445875E-03,-5.767400E-04,6.537179E-03,6.077484E-03
4.500000000000E+00,-3.557159E-03,7.976898E-04,-3.366957E-03,5.865121E-04,7.948402E-04,1.544143E-03
5.000000000000E+00,-4.258553E-03,4.202260E-04,-3.906769E-03,3.870609E-04,7.586839E-04,-6.893196E-04
5.500000000000E+00,-3.872296E-03,4.686438E-04,-5.925468E-03,6.628125E-04,-5.087953E-03,8.790164E-04
6.000000000000E+00,-4.396239E-03,-1.728239E-04,-6.400730E-03,2.787968E-04,-5.821214E-03,7.620893E-04
6.500000000000E+00,-5.519987E-03,-2.542571E-04,-7.143836E-03,-3.525132E-04,-7.350202E-03,-7.275402E-04
7.000000000000E+00,-6.176191E-03,-6.023365E-05,-8.201409E-03,3.247213E-05,-9.957478E-03,-1.094716E-03
7.500000000000E+00,-6.869807E-03,-2.420387E-04,-1.000853E-02,7.213156E-06,-9.380127E-03,4.890141E-03
8.000000000000E+00,-8.369436E-03,-4.016777E-04,-1.067333E-02,4.224487E-04,-1.076163E-02,4.924444E-03
8.500000000000E+00,-1.036271E-02,-1.184912E-04,-1.270120E-02,-1.863862E-04,-1.027343E-02,1.816048E-03
9.000000000000E+00,-1.214234E-02,9.723335E-04,-1.440340E-02,-5.372498E-05,-1.218038E-02,7.632876E-04
9.500000000000E+00,-1.294350E-02,9.212723E-04,-1.636159E-02,6.955121E-05,-1.487832E-02,-8.106774E-04
1.000000000000E+01,-1.468146E-02,9.527280E-04,-1.960406E-02,-5.692373E-04,-1.854817E-02,-1.720213E-03
1.050000000000E+01,-1.682615E-02,8.775886E-04,-2.193479E-02,-4.826580E-04,-2.263466E-02,-9.167877E-04
1.100000000000E+01,-1.890467E-02,-3.670984E-04,-2.518699E-02,8.024772E-06,-2.650636E-02,3.974091E-04
1.150000000000E+01,-2.103958E-02,-4.786248E-04,-2.824381E-02,1.903051E-04,-2.984672E-02,7.625103E-04
1.200000000000E+01,-2.234649E-02,5.804988E-04,-3.136339E-02,1.132472E-04,-3.355404E-02,-2.178778E-03
1.250000000000E+01,-2.710008E-02,4.915197E-04,-3.666037E-02,4.018017E-04,-4.051903E-02,-6.571672E-04
1.300000000000E+01,-2.927694E-02,5.540595E-05,-3.929430E-02,2.289892E-04,-4.324041E-02,1.939849E-03
1.350000000000E+01,-3.220924E-02,4.404583E-04,-4.392250E-02,-1.900261E-04,-4.764134E-02,8.164757E-04
1.400000000000E+01,-3.893019E-02,1.169337E-03,-5.208483E-02,6.246918E-04,-5.717451E-02,2.105509E-03
1.450000000000E+01,-4.180070E-02,6.193767E-04,-5.720408E-02,8.129713E-04,-6.492688E-02,1.873949E-03
1.500000000000E+01,-4.936750E-02,1.383377E-03,-6.711569E-02,9.204981E-04,-7.661595E-02,1.704361E-03
1.550000000000E+01,-5.691459E-02,1.192851E-03,-7.902826E-02,5.245322E-04,-8.882973E-02,1.305084E-03
1.600000000000E+01,-6.229297E-02,1.136728E-03,-8.758937E-02,1.407620E-03,-9.810435E-02,1.516670E-03
1.650000000000E+01,-7.271738E-02,1.538556E-03,-1.026785E-01,2.243966E-03,-1.153985E-01,2.341848E-03
1.700000000000E+01,-8.639508E-02,2.410497E-03,-1.247496E-01,2.879222E-03,-1.405444E-01,3.534877E-03
1.750000000000E+01,-9.780673E-02,2.180535E-03,-1.425400E-01,3.394372E-03,-1.587364E-01,3.215613E-03
1.800000000000E+01,-1.175208E-01,2.345303E-03,-1.725790E-01,3.863301E-03,-1.942160E-01,4.808708E-03
1.850000000000E+01,-1.534282E-01,3.843614E-03,-2.288176E-01,6.938600E-03,-2.609684E-01,9.675101E-03
1.900000000000E+01,-1.912835E-01,8.754181E-03,-2.882557E-01,1.519611E-02,-3.312524E-01,1.824347E-02
1.950000000000E+01,-2.472868E-01,1.082664E-02,-3.760265E-01,1.794055E-02,-4.366079E-01,2.088521E-02
2.000000000000E+01,-4.229858E-01,3.124788E-02,-6.575234E-01,4.823810E-02,-7.689962E-01,5.741109E-02
2.050000000000E+01,-6.613644E-01,1.087294E-01,-1.037185E+00,1.712995E-01,-1.217295E+00,2.029064E-01
2.100000000000E+01,3.077577E-01,4.168380E-01,5.137889E-01,6.666200E-01,6.182321E-01,7.877713E-01
2.150000000000E+01,7.426175E-01,1.247030E-01,1.210140E+00,2.009648E-01,1.441365E+00,2.364141E-01
2.200000000000E+01,4.834773E-01,4.379821E-02,7.963603E-01,6.970349E-02,9.536805E-01,8.259092E-02
2.250000000000E+01,3.256970E-01,2.045596E-02,5.449178E-01,3.203974E-02,6.579120E-01,3.832693E-02
2.300000000000E+01,2.266530E-01,1.054596E-02,3.892305E-01,1.634630E-02,4.740378E-01,1.866828E-02
2.350000000000E+01,1.846617E-01,5.990589E-03,3.231478E-01,8.888758E-03,3.966085E-01,9.969597E-03
2.400000000000E+01,1.548561E-01,3.452648E-03,2.769386E-01,3.991263E-03,3.419637E-01,4.613881E-03
2.450000000000E+01,1.352588E-01,2.239585E-03,2.464900E-01,2.410908E-03,3.065824E-01,2.676758E-03
2.500000000000E+01,1.194413E-01,1.752660E-03,2.229276E-01,1.915425E-03,2.785411E-01,2.278131E-03
2.550000000000E+01,1.050329E-01,1.099613E-03,2.000628E-01,2.060183E-03,2.533263E-01,2.562473E-03
2.600000000000E+01,9.615503E-02,1.274611E-03,1.868462E-01,2.021276E-03,2.383902E-01,2.626283E-03
2.650000000000E+01,8.638888E-02,1.092424E-03,1.736443E-01,1.819334E-03,2.229532E-01,2.321569E-03
2.700000000000E+01,7.935943E-02,6.034561E-04,1.634441E-01,1.524882E-03,2.121539E-01,1.374564E-03
2.750000000000E+01,7.107867E-02,1.029454E-03,1.514558E-01,6.954239E-04,1.995834E-01,1.980529E-04
2.800000000000E+01,6.553888E-02,8.081532E-04,1.446896E-01,1.321606E-03,1.919171E-01,1.472318E-03
2.850000000000E+01,6.106640E-02,8.894904E-04,1.399668E-01,2.812755E-03,1.862825E-01,2.546486E-03
2.900000000000E+01,5.529249E-02,1.003107E-03,1.334523E-01,2.102845E-03,1.804067E-01,2.361450E-03
2.950000000000E+01,5.182415E-02,8.036798E-04,1.289188E-01,1.368550E-03,1.758148E-01,1.933461E-03
3.000000000000E+01,4.781969E-02,4.136848E-04,1.255835E-01,9.023544E-04,1.727034E-01,1.123661E-03
3.050000000000E+01,4.324459E-02,4.406099E-04,1.206825E-01,7.892490E-04,1.681281E-01,8.048099E-04
3.100000000000E+01,4.117256E-02,5.470851E-04,1.171957E-01,1.134514E-03,1.651739E-01,5.924918E-04
3.150000000000E+01,3.810153E-02,6.551095E-04,1.139079E-01,1.165808E-03,1.616362E-01,2.312697E-04
3.200000000000E+01,3.473968E-02,7.611153E-04,1.100643E-01,2.272166E-03,1.582540E-01,2.486658E-03
3.250000000000E+01,3.125818E-02,9.626327E-04,1.072017E-01,3.127040E-03,1.554647E-01,3.828733E-03
3.300000000000E+01,2.881369E-02,9.002808E-04,1.073115E-01,1.737683E-03,1.572992E-01,2.817819E-03
3.350000000000E+01,2.727175E-02,1.083446E-03,1.067156E-01,8.691772E-04,1.588357E-01,1.619010E-03
3.400000000000E+01,2.388538E-02,1.316131E-03,1.043176E-01,-1.593243E-04,1.575292E-01,1.328669E-03
3.450000000000E+01,2.049660E-02,9.827558E-04,1.012886E-01,5.415418E-05,1.542452E-01,2.323033E-04
3.500000000000E+01,1.885290E-02,6.496146E-04,9.991170E-02,8.471539E-05,1.535430E-01,-2.222186E-04
3.550000000000E+01,1.581859E-02,8.069832E-04,9.798435E-02,-5.489725E-04,1.533809E-01,-9.548696E-04
3.600000000000E+01,1.348436E-02,1.995801E-04,9.675732E-02,-3.181989E-04,1.527119E-01,-1.741227E-03
3.650000000000E+01,1.043313E-02,4.487585E-04,9.445459E-02,-4.129178E-04,1.521597E-01,-1.726412E-03
3.700000000000E+01,8.538081E-03,7.641707E-04,9.349220E-02,-8.710808E-04,1.518908E-01,-1.199928E-03
3.750000000000E+01,5.434689E-03,8.254030E-04,9.254712E-02,-4.709742E-04,1.516775E-01,-1.225451E-03
3.800000000000E+01,2.784280E-03,9.654753E-04,9.127651E-02,-5.256866E-04,1.526263E-01,-1.742479E-03
3.850000000000E+01,8.837349E-04,8.115300E-04,9.013670E-02,-7.542611E-04,1.525769E-01,-1.502085E-03
3.900000000000E+01,-1.629417E-03,6.135579E-04,8.878096E-02,-5.214069E-04,1.533063E-01,-1.016404E-03
3.950000000000E+01,-4.460461E-03,2.691215E-04,8.828529E-02,-7.774483E-04,1.547485E-01,-1.337198E-03
4.000000000000E+01,-6.977774E-03,3.837797E-04,8.687200E-02,-1.214042E-03,1.546087E-01,-2.047211E-03
4.050000000000E+01,-1.004679E-02,6.934851E-04,8.562244E-02,-1.269958E-03,1.547437E-01,-1.758947E-03
4.100000000000E+01,-1.319471E-02,1.098164E-03,8.437128E-02,-7.225509E-04,1.556389E-01,-1.134050E-03
4.150000000000E+01,-1.549538E-02,1.220896E-03,8.381785E-02,-3.710270E-04,1.571963E-01,-1.201100E-03
4.200000000000E+01,-1.801236E-02,9.084944E-04,8.318861E-02,-4.248497E-04,1.587303E-01,-2.054809E-03
4.250000000000E+01,-2.108882E-02,1.215032E-03,8.238217E-02,-8.385669E-04,1.594036E-01,-3.219857E-03
4.300000000000E+01,-2.517288E-02,1.359097E-03,8.172265E-02,-8.114976E-04,1.618276E-01,-2.511233E-03
4.350000000000E+01,-2.699380E-02,1.129549E-03,8.111057E-02,-9.637571E-04,1.626585E-01,-1.507822E-03
4.400000000000E+01,-3.012184E-02,1.063599E-03,8.005417E-02,-1.043233E-03,1.640831E-01,-2.549394E-03
4.450000000000E+01,-3.314771E-02,1.438468E-03,7.906099E-02,-1.509004E-03,1.651121E-01,-3.121347E-03
4.500000000000E+01,-3.650774E-02,2.017783E-03,7.812657E-02,-1.253209E-03,1.676645E-01,-3.253273E-03
4.550000000000E+01,-3.990780E-02,1.738149E-03,7.736562E-02,-1.827001E-03,1.699258E-01,-3.578258E-03
4.600000000000E+01,-4.258889E-02,1.710229E-03,7.732918E-02,-2.140346E-03,1.709192E-01,-4.350192E-03
4.650000000000E+01,-4.695413E-02,1.528155E-03,7.616348E-02,-1.072332E-03,1.725697E-01,-3.778019E-03
4.700000000000E+01,-5.131359E-02,2.387768E-03,7.518234E-02,-1.935137E-03,1.753003E-01,-4.335941E-03
4.750000000000E+01,-5.374186E-02,2.856630E-03,7.470459E-02,-2.344023E-03,1.776692E-01,-4.494844E-03
4.800000000000E+01,-5.806927E-02,2.992270E-03,7.436229E-02,-1.876521E-03,1.798284E-01,-4.781122E-03
4.850000000000E+01,-6.315266E-02,3.716796E-03,7.311105E-02,-2.257399E-03,1.839427E-01,-6.014081E-03
4.900000000000E+01,-6.489599E-02,3.836007E-03,7.286114E-02,-2.386103E-03,1.856380E-01,-6.279557E-03
4.950000000000E+01,-6.969685E-02,4.404583E-03,7.218324E-02,-2.493744E-03,1.881129E-01,-7.445766E-03
5.000000000000E+01,-7.407904E-02,5.335912E-03,7.140215E-02,-2.832380E-03,1.902121E-01,-8.098830E-03
5.050000000000E+01,-7.831004E-02,5.441760E-03,7.039258E-02,-3.216085E-03,1.936129E-01,-9.121714E-03
5.100000000000E+01,-8.310169E-02,6.430420E-03,6.918041E-02,-3.867927E-03,1.977740E-01,-1.079225E-02
5.150000000000E+01,-8.656314E-02,6.277259E-03,6.754439E-02,-4.205510E-03,1.998699E-01,-1.076516E-02
5.200000000000E+01,-9.019901E-02,6.796652E-03,6.579884E-02,-3.626652E-03,2.014359E-01,-1.083685E-02
5.250000000000E+01,-9.539724E-02,7.372929E-03,6.459305E-02,-3.455164E-03,2.040385E-01,-1.126949E-02
5.300000000000E+01,-1.001756E-01,7.593920E-03,6.323657E-02,-3.621916E-03,2.073251E-01,-1.164611E-02
5.350000000000E+01,-1.041174E-01,7.549751E-03,6.233799E-02,-3.203841E-03,2.101768E-01,-1.032531E-02
5.400000000000E+01,-1.095708E-01,7.445837E-03,6.122966E-02,-2.886284E-03,2.142924E-01,-9.179397E-03
5.450000000000E+01,-1.154183E-01,7.085043E-03,6.031980E-02,-2.391289E-03,2.189433E-01,-8.544198E-03
5.500000000000E+01,-1.214277E-01,6.771545E-03,5.951570E-02,-2.022352E-03,2.235599E-01,-7.892114E-03
5.550000000000E+01,-1.262306E-01,7.445826E-03,5.850467E-02,-1.992899E-03,2.271954E-01,-8.032775E-03
5.600000000000E+01,-1.348374E-01,7.101639E-03,5.741913E-02,-1.848731E-03,2.338236E-01,-8.519249E-03
5.650000000000E+01,-1.438714E-01,7.142017E-03,5.628708E-02,-1.662319E-03,2.419612E-01,-8.595608E-03
5.700000000000E+01,-1.491324E-01,7.316997E-03,5.542513E-02,-1.152961E-03,2.464460E-01,-7.666195E-03
5.750000000000E+01,-1.566823E-01,6.800340E-03,5.449661E-02,-1.144206E-03,2.528849E-01,-6.989454E-03
5.800000000000E+01,-1.647616E-01,7.646253E-03,5.372944E-02,-1.133183E-03,2.600784E-01,-6.984619E-03
5.850000000000E+01,-1.744311E-01,8.276159E-03,5.250183E-02,-9.634773E-04,2.679667E-01,-7.216691E-03
5.900000000000E+01,-1.830684E-01,8.019155E-03,5.096541E-02,-5.916758E-04,2.748359E-01,-7.458975E-03
5.950000000000E+01,-1.904574E-01,8.352607E-03,4.989101E-02,-6.366517E-06,2.823052E-01,-7.504773E-03
6.000000000000E+01,-2.035811E-01,1.013482E-02,4.773694E-02,-3.105749E-04,2.933914E-01,-8.491642E-03
6.050000000000E+01,-2.150611E-01,1.058155E-02,4.666980E-02,-9.513288E-04,3.036968E-01,-9.952387E-03
6.100000000000E+01,-2.260376E-01,1.103863E-02,4.538996E-02,-8.401625E-04,3.133294E-01,-1.130155E-02
6.150000000000E+01,-2.391161E-01,1.285623E-02,4.373390E-02,-5.480197E-04,3.254366E-01,-1.291585E-02
6.200000000000E+01,-2.507536E-01,1.723357E-02,4.174465E-02,-8.244595E-04,3.353415E-01,-1.715160E-02
6.250000000000E+01,-2.604980E-01,2.021030E-02,3.880135E-02,-9.235768E-04,3.429856E-01,-2.022643E-02
6.300000000000E+01,-2.722432E-01,1.610891E-02,3.632631E-02,-6.420484E-05,3.534796E-01,-1.508388E-02
6.350000000000E+01,-2.899346E-01,1.377599E-02,3.489045E-02,7.854708E-04,3.699709E-01,-1.194571E-02
6.400000000000E+01,-3.084944E-01,1.490594E-02,3.246819E-02,5.514143E-04,3.877746E-01,-1.260624E-02
6.450000000000E+01,-3.314312E-01,1.707384E-02,2.874125E-02,3.448579E-04,4.088171E-01,-1.482278E-02
6.500000000000E+01,-3.510458E-01,1.858209E-02,2.579209E-02,3.284945E-04,4.262938E-01,-1.651041E-02
6.550000000000E+01,-3.702196E-01,2.152982E-02,2.321670E-02,7.566448E-04,4.442957E-01,-1.963575E-02
6.600000000000E+01,-3.933919E-01,2.646003E-02,1.970484E-02,1.331337E-03,4.655017E-01,-2.442068E-02
6.650000000000E+01,-4.244204E-01,3.324293E-02,1.524110E-02,1.936449E-03,4.946985E-01,-3.049096E-02
6.700000000000E+01,-4.482130E-01,4.784778E-02,1.098296E-02,2.071207E-03,5.158614E-01,-4.549285E-02
6.750000000000E+01,-4.590816E-01,4.587738E-02,7.260160E-03,1.459261E-03,5.257389E-01,-4.338431E-02
6.800000000000E+01,-5.036787E-01,4.012853E-02,-2.475474E-04,2.230147E-03,5.678535E-01,-3.725682E-02
6.850000000000E+01,-5.418555E-01,4.095516E-02,-6.261244E-03,2.270191E-03,6.036198E-01,-3.876804E-02
6.900000000000E+01,-5.679027E-01,4.248340E-02,-1.082210E-02,2.730150E-03,6.281621E-01,-4.010552E-02
6.950000000000E+01,-6.376157E-01,4.800435E-02,-2.238658E-02,3.554362E-03,6.926621E-01,-4.533593E-02
7.000000000000E+01,-6.794720E-01,5.255052E-02,-2.939637E-02,4.308148E-03,7.321047E-01,-4.991693E-02
7.050000000000E+01,-7.334671E-01,5.559492E-02,-3.819100E-02,5.463486E-03,7.828176E-01,-5.218470E-02
7.100000000000E+01,-8.209726E-01,6.374086E-02,-5.223627E-02,6.597166E-03,8.652707E-01,-6.035718E-02
7.150000000000E+01,-9.169198E-01,7.668856E-02,-6.803565E-02,8.952304E-03,9.565840E-01,-7.354730E-02
7.200000000000E+01,-1.031592E+00,9.093187E-02,-8.702256E-02,1.076411E-02,1.065070E+00,-8.821926E-02
7.250000000000E+01,-1.133889E+00,1.188397E-01,-1.040807E-01,1.424014E-02,1.161192E+00,-1.155965E-01
7.300000000000E+01,-1.311383E+00,1.708454E-01,-1.350562E-01,2.093490E-02,1.328887E+00,-1.664064E-01
7.350000000000E+01,-1.491667E+00,2.312771E-01,-1.682554E-01,3.020370E-02,1.500421E+00,-2.246288E-01
7.400000000000E+01,-1.729701E+00,2.935550E-01,-2.110829E-01,4.130506E-02,1.725287E+00,-2.839235E-01
7.450000000000E+01,-2.072840E+00,3.525985E-01,-2.716942E-01,5.183114E-02,2.050735E+00,-3.404684E-01
7.500000000000E+01,-2.636101E+00,5.306837E-01,-3.707621E-01,8.264683E-02,2.586686E+00,-5.113857E-01
7.550000000000E+01,-3.188531E+00,7.313226E-01,-4.674062E-01,1.173118E-01,3.111601E+00,-7.034188E-01
7.600000000000E+01,-4.873844E+00,1.784562E+00,-7.630495E-01,2.992239E-01,4.715147E+00,-1.711968E+00
7.650000000000E+01,-6.190014E+00,4.735115E+00,-9.979730E-01,8.137586E-01,5.964771E+00,-4.529658E+00
7.700000000000E+01,1.139125E+00,1.124799E+01,2.708697E-01,1.966624E+00,-1.037466E+00,-1.072425E+01
7.750000000000E+01,7.336854E+00,5.955324E+00,1.366003E+00,1.051573E+00,-6.939397E+00,-5.664127E+00
7.800000000000E+01,4.664999E+00,1.355736E+00,9.080613E-01,2.427424E-01,-4.383738E+00,-1.283404E+00
7.850000000000E+01,3.690011E+00,7.236137E-01,7.393332E-01,1.307209E-01,-3.454010E+00,-6.825402E-01
7.900000000000E+01,2.883117E+00,4.179542E-01,5.990969E-01,7.585292E-02,-2.684648E+00,-3.926218E-01
7.950000000000E+01,2.248589E+00,2.530242E-01,4.886481E-01,4.621422E-02,-2.079435E+00,-2.352708E-01
8.000000000000E+01,1.796470E+00,2.220658E-01,4.084871E-01,4.174099E-02,-1.649020E+00,-2.073777E-01
8.050000000000E+01,1.481552E+00,3.566674E-01,3.530934E-01,6.965502E-02,-1.349742E+00,-3.390523E-01
8.100000000000E+01,1.621574E+00,3.303690E-01,3.867635E-01,6.432894E-02,-1.488269E+00,-3.134925E-01
8.150000000000E+01,1.478733E+00,1.175997E-01,3.634901E-01,2.181604E-02,-1.353662E+00,-1.086684E-01
8.200000000000E+01,1.359965E+00,8.355853E-02,3.419785E-01,1.528705E-02,-1.240427E+00,-7.627447E-02
8.250000000000E+01,1.191599E+00,5.966538E-02,3.128305E-01,1.098328E-02,-1.081058E+00,-5.339362E-02
8.300000000000E+01,1.101659E+00,4.641376E-02,2.974933E-01,8.040798E-03,-9.961742E-01,-4.121919E-02
8.350000000000E+01,1.041169E+00,3.932793E-02,2.871967E-01,6.464884E-03,-9.389303E-01,-3.479847E-02
8.400000000000E+01,9.520794E-01,3.426900E-02,2.723255E-01,5.666924E-03,-8.552956E-01,-2.960029E-02
8.450000000000E+01,8.957121E-01,2.798362E-02,2.633076E-01,4.457145E-03,-8.028312E-01,-2.343630E-02
8.500000000000E+01,8.463463E-01,2.374790E-02,2.555088E-01,3.628714E-03,-7.573624E-01,-1.952879E-02
8.550000000000E+01,8.023403E-01,2.142164E-02,2.487105E-01,3.217842E-03,-7.166948E-01,-1.767908E-02
8.600000000000E+01,7.619538E-01,1.934279E-02,2.425937E-01,2.909711E-03,-6.794624E-01,-1.555300E-02
8.650000000000E+01,7.342555E-01,1.864917E-02,2.384644E-01,2.696014E-03,-6.540458E-01,-1.487615E-02
8.700000000000E+01,6.965163E-01,1.341499E-02,2.330051E-01,1.411498E-03,-6.195402E-01,-1.018199E-02
8.750000000000E+01,6.629646E-01,1.310230E-02,2.281563E-01,1.637563E-03,-5.894642E-01,-9.521415E-03
8.800000000000E+01,6.449466E-01,1.343705E-02,2.257327E-01,1.799967E-03,-5.731498E-01,-9.634587E-03
8.850000000000E+01,6.197466E-01,1.257984E-02,2.221313E-01,1.400493E-03,-5.512906E-01,-8.639262E-03
8.900000000000E+01,5.968041E-01,1.187987E-02,2.190362E-01,1.352644E-03,-5.312120E-01,-7.489269E-03
8.950000000000E+01,5.780501E-01,9.595722E-03,2.166451E-01,1.213018E-03,-5.145204E-01,-5.717874E-03
9.000000000000E+01,5.591168E-01,8.403462E-03,2.149052E-01,9.064602E-04,-4.984021E-01,-4.978030E-03
9.050000000000E+01,5.356954E-01,7.411905E-03,2.122384E-01,5.095850E-04,-4.779458E-01,-4.710556E-03
9.100000000000E+01,5.263866E-01,7.207217E-03,2.111908E-01,3.817314E-04,-4.701446E-01,-4.369313E-03
9.150000000000E+01,5.108616E-01,6.341474E-03,2.092704E-01,1.508564E-04,-4.567062E-01,-3.595580E-03
9.200000000000E+01,4.937715E-01,6.687786E-03,2.074705E-01,1.261868E-04,-4.422327E-01,-3.799787E-03
9.250000000000E+01,4.794244E-01,6.087546E-03,2.061012E-01,3.394671E-05,-4.304976E-01,-2.384791E-03
9.300000000000E+01,4.715075E-01,5.534483E-03,2.055015E-01,4.836252E-05,-4.241695E-01,-1.798988E-03
9.350000000000E+01,4.564856E-01,5.402446E-03,2.044219E-01,-2.998591E-04,-4.122184E-01,-1.625618E-03
9.400000000000E+01,4.470125E-01,5.386003E-03,2.036586E-01,-2.762714E-04,-4.049560E-01,-1.431591E-03
9.450000000000E+01,4.388272E-01,4.987604E-03,2.033491E-01,-4.233851E-04,-3.988387E-01,-1.052017E-03
9.500000000000E+01,4.231354E-01,4.044617E-03,2.024875E-01,-5.366302E-04,-3.859483E-01,2.510739E-05
9.550000000000E+01,4.162559E-01,4.131074E-03,2.021397E-01,-5.127168E-04,-3.811353E-01,-6.587471E-04
9.600000000000E+01,4.053887E-01,4.977493E-03,2.021086E-01,-7.467325E-04,-3.725332E-01,-1.305241E-03
9.650000000000E+01,3.979426E-01,4.367434E-03,2.017187E-01,-8.925372E-04,-3.670510E-01,-4.484029E-04
9.700000000000E+01,3.887757E-01,3.741040E-03,2.016923E-01,-9.379176E-04,-3.606374E-01,9.498391E-05
9.750000000000E+01,3.825468E-01,3.660921E-03,2.019023E-01,-9.448318E-04,-3.564630E-01,4.325886E-04
9.800000000000E+01,3.734778E-01,3.655852E-03,2.019773E-01,-1.058003E-03,-3.502308E-01,6.657151E-04
9.850000000000E+01,3.672278E-01,4.138724E-03,2.019298E-01,-1.176210E-03,-3.469776E-01,7.971621E-04
9.900000000000E+01,3.583848E-01,3.220475E-03,2.023403E-01,-1.360231E-03,-3.406750E-01,1.102662E-03
9.950000000000E+01,3.513073E-01,3.411757E-03,2.029538E-01,-1.574475E-03,-3.359387E-01,8.494747E-04
1.000000000000E+02,3.449998E-01,3.702076E-03,2.029931E-01,-1.693981E-03,-3.320782E-01,9.326948E-04
1.005000000000E+02,3.389176E-01,4.197799E-03,2.031253E-01,-1.565891E-03,-3.288080E-01,5.345021E-04
1.010000000000E+02,3.324176E-01,3.530617E-03,2.037168E-01,-1.637081E-03,-3.251362E-01,1.026300E-03
1.015000000000E+02,3.248508E-01,3.098930E-03,2.048084E-01,-1.255791E-03,-3.208481E-01,1.043130E-03
1.020000000000E+02,3.193356E-01,4.063438E-03,2.048134E-01,-1.791711E-03,-3.175139E-01,1.310865E-03
1.025000000000E+02,3.142790E-01,3.803083E-03,2.054074E-01,-1.426737E-03,-3.151065E-01,1.962009E-03
1.030000000000E+02,3.079989E-01,3.590745E-03,2.062421E-01,-1.361325E-03,-3.124075E-01,2.044557E-03
1.035000000000E+02,3.012476E-01,3.956498E-03,2.074403E-01,-1.693562E-03,-3.090205E-01,1.254740E-03
1.040000000000E+02,2.958354E-01,4.183919E-03,2.081233E-01,-1.853958E-03,-3.060441E-01,1.435818E-03
1.045000000000E+02,2.913139E-01,3.979500E-03,2.089037E-01,-1.631840E-03,-3.040535E-01,1.474176E-03
1.050000000000E+02,2.854269E-01,4.083490E-03,2.100428E-01,-2.173826E-03,-3.015513E-01,1.329249E-03
1.055000000000E+02,2.809224E-01,4.363490E-03,2.110134E-01,-2.107681E-03,-2.993687E-01,1.277694E-03
1.060000000000E+02,2.733200E-01,4.713280E-03,2.127161E-01,-1.856743E-03,-2.965710E-01,1.627758E-03
1.065000000000E+02,2.687801E-01,5.102316E-03,2.139067E-01,-1.825942E-03,-2.947165E-01,8.302974E-04
1.070000000000E+02,2.637039E-01,6.026717E-03,2.148152E-01,-1.480180E-03,-2.927874E-01,-1.165115E-04
1.075000000000E+02,2.564120E-01,7.218217E-03,2.163312E-01,-1.306587E-03,-2.896672E-01,-1.735822E-03
1.080000000000E+02,2.507006E-01,9.350799E-03,2.174753E-01,-1.810507E-03,-2.874414E-01,-3.575721E-03
1.085000000000E+02,2.450801E-01,1.349059E-02,2.193939E-01,-1.606491E-03,-2.852321E-01,-8.033168E-03
1.090000000000E+02,2.431007E-01,1.880782E-02,2.210537E-01,-1.215386E-03,-2.870010E-01,-1.377215E-02
1.095000000000E+02,2.453548E-01,2.297630E-02,2.235219E-01,-6.436383E-04,-2.941538E-01,-1.796604E-02
1.100000000000E+02,2.488781E-01,1.975361E-02,2.263379E-01,-1.396769E-03,-3.026474E-01,-1.411384E-02
1.105000000000E+02,2.464033E-01,1.489883E-02,2.282902E-01,-2.224640E-03,-3.046305E-01,-7.540658E-03
1.110000000000E+02,2.404393E-01,1.008715E-02,2.302143E-01,-2.251251E-03,-3.037491E-01,-1.905138E-03
1.115000000000E+02,2.364686E-01,8.660637E-03,2.314507E-01,-2.424944E-03,-3.022423E-01,-3.333919E-04
1.120000000000E+02,2.298599E-01,7.613550E-03,2.335293E-01,-2.719136E-03,-3.001885E-01,1.006764E-03
1.125000000000E+02,2.250848E-01,6.647865E-03,2.351607E-01,-2.796362E-03,-2.992491E-01,1.860756E-03
1.130000000000E+02,2.189081E-01,6.975282E-03,2.375130E-01,-3.087949E-03,-2.984101E-01,2.504878E-03
1.135000000000E+02,2.142166E-01,7.001917E-03,2.398979E-01,-3.334047E-03,-2.987972E-01,3.163075E-03
1.140000000000E+02,2.082131E-01,6.890704E-03,2.430247E-01,-2.803965E-03,-2.984262E-01,2.974505E-03
1.145000000000E+02,2.040083E-01,7.197487E-03,2.447044E-01,-2.271119E-03,-2.977258E-01,2.489086E-03
1.150000000000E+02,1.991192E-01,7.510617E-03,2.475522E-01,-1.905003E-03,-2.978797E-01,1.768780E-03
1.155000000000E+02,1.940274E-01,7.718926E-03,2.505256E-01,-8.320643E-04,-2.987615E-01,2.953144E-04
1.160000000000E+02,1.902419E-01,8.204960E-03,2.530595E-01,5.771698E-04,-3.003397E-01,-1.194333E-03
1.165000000000E+02,1.856624E-01,9.003100E-03,2.581336E-01,1.916378E-03,-3.034177E-01,-2.782136E-03
1.170000000000E+02,1.809947E-01,9.013527E-03,2.650611E-01,1.913411E-03,-3.082376E-01,-1.983142E-03
1.175000000000E+02,1.755038E-01,8.214886E-03,2.705972E-01,-3.842726E-04,-3.128622E-01,6.432546E-04
1.180000000000E+02,1.707414E-01,8.425582E-03,2.740083E-01,-2.639517E-03,-3.145727E-01,2.901222E-03
1.185000000000E+02,1.666387E-01,8.810965E-03,2.771074E-01,-3.335060E-03,-3.160349E-01,4.364231E-03
1.190000000000E+02,1.608835E-01,8.677620E-03,2.808535E-01,-4.138134E-03,-3.179084E-01,5.783073E-03
1.195000000000E+02,1.563021E-01,8.725421E-03,2.840278E-01,-5.089065E-03,-3.194604E-01,6.890281E-03
1.200000000000E+02,1.508899E-01,9.199128E-03,2.882872E-01,-5.940164E-03,-3.207068E-01,8.354482E-03
1.205000000000E+02,1.440487E-01,8.578000E-03,2.937524E-01,-6.574337E-03,-3.231033E-01,9.322740E-03
1.210000000000E+02,1.375557E-01,9.457225E-03,2.984217E-01,-7.145174E-03,-3.252200E-01,9.551359E-03
1.215000000000E+02,1.317257E-01,1.000858E-02,3.030863E-01,-7.877841E-03,-3.285282E-01,9.972132E-03
1.220000000000E+02,1.273643E-01,1.015332E-02,3.068370E-01,-8.265244E-03,-3.310595E-01,1.055321E-02
1.225000000000E+02,1.211370E-01,1.111263E-02,3.126062E-01,-9.280406E-03,-3.346246E-01,1.162436E-02
1.230000000000E+02,1.144070E-01,1.179829E-02,3.186139E-01,-9.569580E-03,-3.383029E-01,1.264493E-02
1.235000000000E+02,1.071537E-01,1.265733E-02,3.243131E-01,-1.024919E-02,-3.422253E-01,1.316251E-02
1.240000000000E+02,1.006188E-01,1.276933E-02,3.304658E-01,-1.110310E-02,-3.464508E-01,1.363450E-02
1.245000000000E+02,9.557043E-02,1.316068E-02,3.352745E-01,-1.165839E-02,-3.497920E-01,1.397024E-02
1.250000000000E+02,8.714938E-02,1.410242E-02,3.439517E-01,-1.237412E-02,-3.560344E-01,1.513653E-02
1.255000000000E+02,7.998092E-02,1.508693E-02,3.510798E-01,-1.330209E-02,-3.610062E-01,1.594923E-02
1.260000000000E+02,7.193580E-02,1.593856E-02,3.593388E-01,-1.427729E-02,-3.669840E-01,1.713669E-02
1.265000000000E+02,6.385100E-02,1.657814E-02,3.672788E-01,-1.465028E-02,-3.727708E-01,1.812375E-02
1.270000000000E+02,5.660515E-02,1.777753E-02,3.745484E-01,-1.599186E-02,-3.784218E-01,1.881441E-02
1.275000000000E+02,4.527243E-02,1.938380E-02,3.863194E-01,-1.723523E-02,-3.870165E-01,2.071018E-02
1.280000000000E+02,3.841203E-02,1.979046E-02,3.937508E-01,-1.807401E-02,-3.924676E-01,2.171217E-02
1.285000000000E+02,2.762411E-02,2.076914E-02,4.049657E-01,-1.948619E-02,-4.013577E-01,2.278780E-02
1.290000000000E+02,1.457073E-02,2.354242E-02,4.184678E-01,-2.201776E-02,-4.115017E-01,2.499328E-02
1.295000000000E+02,6.291328E-03,2.461332E-02,4.275048E-01,-2.335143E-02,-4.184812E-01,2.604808E-02
1.300000000000E+02,-6.878551E-03,2.652648E-02,4.421169E-01,-2.523512E-02,-4.303361E-01,2.844206E-02
1.305000000000E+02,-1.784313E-02,2.839079E-02,4.542791E-01,-2.713286E-02,-4.397066E-01,3.049142E-02
1.310000000000E+02,-2.715992E-02,3.042838E-02,4.648902E-01,-2.944685E-02,-4.476146E-01,3.239557E-02
1.315000000000E+02,-4.194715E-02,3.373595E-02,4.817176E-01,-3.252807E-02,-4.613497E-01,3.545757E-02
1.320000000000E+02,-6.047708E-02,3.712507E-02,5.027021E-01,-3.560788E-02,-4.791974E-01,3.826767E-02
1.325000000000E+02,-7.535119E-02,3.919490E-02,5.194777E-01,-3.834867E-02,-4.923676E-01,4.124628E-02
1.330000000000E+02,-9.446465E-02,4.288565E-02,5.412545E-01,-4.312259E-02,-5.087945E-01,4.611540E-02
1.335000000000E+02,-1.089214E-01,4.633441E-02,5.579710E-01,-4.663299E-02,-5.222600E-01,4.953673E-02
1.340000000000E+02,-1.362172E-01,5.318430E-02,5.901920E-01,-5.379661E-02,-5.493367E-01,5.638224E-02
1.345000000000E+02,-1.471551E-01,5.624828E-02,6.028124E-01,-5.709833E-02,-5.598639E-01,5.964633E-02
1.350000000000E+02,-1.732294E-01,6.206955E-02,6.340144E-01,-6.401037E-02,-5.853891E-01,6.647124E-02
1.355000000000E+02,-2.101231E-01,7.199930E-02,6.773828E-01,-7.497705E-02,-6.210983E-01,7.633130E-02
1.360000000000E+02,-2.321760E-01,8.052535E-02,7.040166E-01,-8.420324E-02,-6.428577E-01,8.462563E-02
1.365000000000E+02,-2.571708E-01,8.840140E-02,7.339760E-01,-9.276343E-02,-6.675818E-01,9.262825E-02
1.370000000000E+02,-2.997195E-01,1.017213E-01,7.848656E-01,-1.077141E-01,-7.100213E-01,1.062300E-01
1.375000000000E+02,-3.406003E-01,1.164240E-01,8.345687E-01,-1.244248E-01,-7.509109E-01,1.216208E-01
1.380000000000E+02,-3.827205E-01,1.344058E-01,8.851687E-01,-1.456408E-01,-7.930098E-01,1.409254E-01
1.385000000000E+02,-4.429123E-01,1.600936E-01,9.582027E-01,-1.751058E-01,-8.545249E-01,1.682668E-01
1.390000000000E+02,-5.078396E-01,1.892035E-01,1.038229E+00,-2.082127E-01,-9.208667E-01,1.982882E-01
1.395000000000E+02,-5.450029E-01,2.084560E-01,1.083865E+00,-2.306884E-01,-9.586580E-01,2.184759E-01
1.400000000000E+02,-6.636299E-01,2.705499E-01,1.229427E+00,-3.032773E-01,-1.078974E+00,2.835683E-01
1.405000000000E+02,-7.435057E-01,3.281639E-01,1.328417E+00,-3.705492E-01,-1.161270E+00,3.432104E-01
1.410000000000E+02,-8.764266E-01,4.453956E-01,1.493873E+00,-5.101326E-01,-1.298032E+00,4.663463E-01
1.415000000000E+02,-9.993900E-01,5.573071E-01,1.647437E+00,-6.438029E-01,-1.424994E+00,5.829974E-01
1.420000000000E+02,-1.129586E+00,7.511848E-01,1.812649E+00,-8.775832E-01,-1.558972E+00,7.846190E-01
1.425000000000E+02,-1.281578E+00,1.066163E+00,2.008619E+00,-1.258303E+00,-1.715318E+00,1.113317E+00
1.430000000000E+02,-1.397515E+00,1.471174E+00,2.162794E+00,-1.750598E+00,-1.833636E+00,1.535812E+00
1.435000000000E+02,-1.321958E+00,2.087830E+00,2.090298E+00,-2.509414E+00,-1.752695E+00,2.178129E+00
1.440000000000E+02,-8.427015E-01,2.837887E+00,1.527044E+00,-3.444408E+00,-1.250032E+00,2.958284E+00
1.445000000000E+02,-1.148182E-01,3.173524E+00,6.447451E-01,-3.881020E+00,-4.898932E-01,3.305888E+00
1.450000000000E+02,1.134807E+00,2.997663E+00,-8.949033E-01,-3.709084E+00,8.127379E-01,3.119444E+00
1.455000000000E+02,1.773259E+00,2.288569E+00,-1.704352E+00,-2.862048E+00,1.478373E+00,2.379296E+00
1.460000000000E+02,1.918534E+00,1.719386E+00,-1.903864E+00,-2.169178E+00,1.629837E+00,1.786691E+00
1.465000000000E+02,1.879279E+00,1.255708E+00,-1.872630E+00,-1.598423E+00,1.588914E+00,1.304267E+00
1.470000000000E+02,1.749929E+00,8.895431E-01,-1.728298E+00,-1.144458E+00,1.455367E+00,9.228625E-01
1.475000000000E+02,1.594183E+00,6.490659E-01,-1.547549E+00,-8.435763E-01,1.294394E+00,6.729068E-01
1.480000000000E+02,1.443533E+00,4.844067E-01,-1.369361E+00,-6.360231E-01,1.138434E+00,5.025958E-01
1.485000000000E+02,1.340885E+00,3.908120E-01,-1.248237E+00,-5.174664E-01,1.032406E+00,4.054195E-01
1.490000000000E+02,1.238245E+00,3.056621E-01,-1.127092E+00,-4.091631E-01,9.273351E-01,3.166875E-01
1.495000000000E+02,1.172394E+00,2.690092E-01,-1.048802E+00,-3.613430E-01,8.603900E-01,2.780865E-01
1.500000000000E+02,1.077012E+00,2.121521E-01,-9.353210E-01,-2.877368E-01,7.630237E-01,2.177855E-01
1.505000000000E+02,1.026459E+00,1.865103E-01,-8.750606E-01,-2.539464E-01,7.108733E-01,1.907582E-01
1.510000000000E+02,9.759640E-01,1.653910E-01,-8.158435E-01,-2.256026E-01,6.600318E-01,1.688266E-01
1.515000000000E+02,9.188945E-01,1.416525E-01,-7.491856E-01,-1.943240E-01,6.028211E-01,1.443676E-01
1.520000000000E+02,8.772901E-01,1.262257E-01,-7.013692E-01,-1.732077E-01,5.617527E-01,1.273732E-01
1.525000000000E+02,8.421483E-01,1.151649E-01,-6.604232E-01,-1.566854E-01,5.272493E-01,1.144334E-01
1.530000000000E+02,8.094587E-01,1.055155E-01,-6.226137E-01,-1.420235E-01,4.945831E-01,1.031041E-01
1.535000000000E+02,7.778381E-01,9.795929E-02,-5.875248E-01,-1.294880E-01,4.648272E-01,9.372440E-02
1.540000000000E+02,7.458013E-01,9.683584E-02,-5.516938E-01,-1.230934E-01,4.335985E-01,9.057537E-02
1.545000000000E+02,7.220973E-01,9.525421E-02,-5.255945E-01,-1.166358E-01,4.105844E-01,8.645359E-02
1.550000000000E+02,7.029195E-01,9.282396E-02,-5.050489E-01,-1.086971E-01,3.924199E-01,8.074015E-02
1.555000000000E+02,6.857788E-01,9.167917E-02,-4.862931E-01,-1.014130E-01,3.747728E-01,7.639518E-02
1.560000000000E+02,6.649253E-01,9.220656E-02,-4.647285E-01,-9.264792E-02,3.536787E-01,7.257674E-02
1.565000000000E+02,6.501620E-01,9.705789E-02,-4.487462E-01,-8.520163E-02,3.390778E-01,7.138383E-02
1.570000000000E+02,6.417844E-01,1.068885E-01,-4.325646E-01,-7.282884E-02,3.272743E-01,7.068358E-02
1.575000000000E+02,6.467454E-01,1.154013E-01,-4.128136E-01,-5.737182E-02,3.186912E-01,6.699309E-02
1.580000000000E+02,6.610735E-01,1.015405E-01,-3.844071E-01,-5.202601E-02,3.109258E-01,5.985487E-02
1.585000000000E+02,6.597835E-01,7.500883E-02,-3.642180E-01,-5.352959E-02,3.015529E-01,5.057628E-02
1.590000000000E+02,6.439500E-01,5.690507E-02,-3.508458E-01,-5.376597E-02,2.893360E-01,4.309702E-02
1.595000000000E+02,6.292400E-01,4.716295E-02,-3.410270E-01,-5.318065E-02,2.781807E-01,3.903080E-02
1.600000000000E+02,6.119716E-01,3.983895E-02,-3.286782E-01,-5.109039E-02,2.649432E-01,3.482044E-02
1.605000000000E+02,6.007230E-01,3.658546E-02,-3.203206E-01,-4.924943E-02,2.563469E-01,3.233144E-02
1.610000000000E+02,5.855251E-01,3.212979E-02,-3.072866E-01,-4.660129E-02,2.439831E-01,2.980134E-02
1.615000000000E+02,5.747831E-01,2.953672E-02,-2.980618E-01,-4.447848E-02,2.353933E-01,2.828234E-02
1.620000000000E+02,5.658014E-01,2.786660E-02,-2.905188E-01,-4.279771E-02,2.290339E-01,2.721292E-02
1.625000000000E+02,5.577202E-01,2.592456E-02,-2.837216E-01,-4.063950E-02,2.228034E-01,2.501206E-02
1.630000000000E+02,5.442981E-01,2.435948E-02,-2.700289E-01,-3.859415E-02,2.099729E-01,2.279238E-02
1.635000000000E+02,5.378354E-01,2.288743E-02,-2.633995E-01,-3.706372E-02,2.049460E-01,2.182563E-02
1.640000000000E+02,5.326396E-01,2.197636E-02,-2.584496E-01,-3.609457E-02,2.010011E-01,2.135943E-02
1.645000000000E+02,5.232985E-01,1.994604E-02,-2.491018E-01,-3.372504E-02,1.924627E-01,1.935208E-02
1.650000000000E+02,5.179779E-01,1.920366E-02,-2.434656E-01,-3.282013E-02,1.877276E-01,1.893808E-02
1.655000000000E+02,5.105028E-01,1.854470E-02,-2.352719E-01,-3.199732E-02,1.811931E-01,1.849035E-02
1.660000000000E+02,5.057577E-01,1.801650E-02,-2.306467E-01,-3.114937E-02,1.774947E-01,1.741045E-02
1.665000000000E+02,4.978807E-01,1.704261E-02,-2.221949E-01,-3.007226E-02,1.702947E-01,1.650836E-02
1.670000000000E+02,4.933978E-01,1.639774E-02,-2.175413E-01,-2.888035E-02,1.665981E-01,1.584377E-02
1.675000000000E+02,4.874248E-01,1.502205E-02,-2.117371E-01,-2.762695E-02,1.615534E-01,1.516512E-02
1.680000000000E+02,4.827947E-01,1.458636E-02,-2.074773E-01,-2.744435E-02,1.578335E-01,1.516282E-02
1.685000000000E+02,4.777448E-01,1.461098E-02,-2.027142E-01,-2.704204E-02,1.542463E-01,1.431103E-02
1.690000000000E+02,4.732350E-01,1.366394E-02,-1.973401E-01,-2.596452E-02,1.495188E-01,1.384060E-02
1.695000000000E+02,4.679629E-01,1.298784E-02,-1.917316E-01,-2.522254E-02,1.453719E-01,1.409955E-02
1.700000000000E+02,4.632550E-01,1.279080E-02,-1.869951E-01,-2.423961E-02,1.413136E-01,1.346772E-02
1.705000000000E+02,4.597772E-01,1.172673E-02,-1.832111E-01,-2.365204E-02,1.380172E-01,1.280965E-02
1.710000000000E+02,4.568434E-01,1.133040E-02,-1.800612E-01,-2.317879E-02,1.353208E-01,1.217683E-02
1.715000000000E+02,4.528051E-01,1.095268E-02,-1.761139E-01,-2.229152E-02,1.321498E-01,1.095400E-02
1.720000000000E+02,4.489080E-01,1.116588E-02,-1.721277E-01,-2.185970E-02,1.292210E-01,1.119614E-02
1.725000000000E+02,4.449456E-01,1.061052E-02,-1.678226E-01,-2.153396E-02,1.254380E-01,1.179705E-02
1.730000000000E+02,4.408367E-01,1.010663E-02,-1.638262E-01,-2.090016E-02,1.220143E-01,1.070348E-02
1.735000000000E+02,4.381413E-01,9.884933E-03,-1.610847E-01,-2.035549E-02,1.203078E-01,9.681305E-03
1.740000000000E+02,4.348508E-01,9.576243E-03,-1.575933E-01,-1.967403E-02,1.175856E-01,9.248643E-03
1.745000000000E+02,4.319020E-01,9.441013E-03,-1.547468E-01,-1.974992E-02,1.150742E-01,9.470342E-03
1.750000000000E+02,4.284793E-01,9.266473E-03,-1.515198E-01,-1.933492E-02,1.123858E-01,9.614581E-03
1.755000000000E+02,4.257915E-01,8.754507E-03,-1.483601E-01,-1.885388E-02,1.101127E-01,9.098126E-03
1.760000000000E+02,4.233898E-01,8.785578E-03,-1.455519E-01,-1.849115E-02,1.073962E-01,8.437219E-03
1.765000000000E+02,4.204620E-01,8.608062E-03,-1.425762E-01,-1.807192E-02,1.051916E-01,8.451710E-03
1.770000000000E+02,4.176660E-01,8.272545E-03,-1.401889E-01,-1.776330E-02,1.035841E-01,8.559664E-03
1.775000000000E+02,4.149669E-01,7.713685E-03,-1.375310E-01,-1.685486E-02,1.013809E-01,7.956579E-03
1.780000000000E+02,4.122942E-01,7.679688E-03,-1.343516E-01,-1.716751E-02,9.932892E-02,7.690671E-03
1.785000000000E+02,4.099665E-01,7.763139E-03,-1.321797E-01,-1.721364E-02,9.764779E-02,7.601199E-03
1.790000000000E+02,4.079172E-01,7.553868E-03,-1.300853E-01,-1.694086E-02,9.619512E-02,7.136332E-03
1.795000000000E+02,4.056691E-01,7.572191E-03,-1.276304E-01,-1.661658E-02,9.405604E-02,7.245233E-03
1.800000000000E+02,4.033400E-01,8.086730E-03,-1.254017E-01,-1.665930E-02,9.199868E-02,7.447070E-03
1.805000000000E+02,4.011531E-01,7.572181E-03,-1.230608E-01,-1.621381E-02,9.016493E-02,6.967680E-03
1.810000000000E+02,3.981728E-01,7.252596E-03,-1.205887E-01,-1.613241E-02,8.837175E-02,6.814357E-03
1.815000000000E+02,3.962538E-01,7.008240E-03,-1.184268E-01,-1.591891E-02,8.680236E-02,6.768088E-03
1.820000000000E+02,3.948542E-01,6.706759E-03,-1.168214E-01,-1.536196E-02,8.565602E-02,6.542211E-03
1.825000000000E+02,3.926740E-01,6.291857E-03,-1.145861E-01,-1.489149E-02,8.433523E-02,5.716028E-03
1.830000000000E+02,3.901820E-01,6.389504E-03,-1.121394E-01,-1.510281E-02,8.261549E-02,5.991142E-03
1.835000000000E+02,3.884991E-01,6.200167E-03,-1.106703E-01,-1.483141E-02,8.098653E-02,6.385265E-03
1.840000000000E+02,3.867704E-01,6.186555E-03,-1.090436E-01,-1.469943E-02,7.940529E-02,6.577233E-03
1.845000000000E+02,3.850394E-01,6.252352E-03,-1.069962E-01,-1.492681E-02,7.789740E-02,6.367804E-03
1.850000000000E+02,3.832756E-01,6.045905E-03,-1.052253E-01,-1.469161E-02,7.665339E-02,6.008794E-03
1.855000000000E+02,3.816718E-01,6.273748E-03,-1.036118E-01,-1.459049E-02,7.582872E-02,6.026038E-03
1.860000000000E+02,3.796830E-01,6.219629E-03,-1.017127E-01,-1.434257E-02,7.436144E-02,5.648022E-03
1.865000000000E+02,3.779392E-01,6.081163E-03,-1.003784E-01,-1.394244E-02,7.300542E-02,5.677437E-03
1.870000000000E+02,3.765201E-01,5.667788E-03,-9.927350E-02,-1.406903E-02,7.172439E-02,5.777235E-03
1.875000000000E+02,3.744852E-01,5.701170E-03,-9.680629E-02,-1.374087E-02,7.021827E-02,5.534826E-03
1.880000000000E+02,3.736573E-01,5.849860E-03,-9.563612E-02,-1.367579E-02,6.972376E-02,5.477312E-03
1.885000000000E+02,3.722892E-01,5.997840E-03,-9.417428E-02,-1.328590E-02,6.855005E-02,5.677565E-03
1.890000000000E+02,3.701865E-01,5.730642E-03,-9.252151E-02,-1.294063E-02,6.732027E-02,5.210860E-03
1.895000000000E+02,3.690841E-01,5.598442E-03,-9.161678E-02,-1.287488E-02,6.669892E-02,5.127141E-03
1.900000000000E+02,3.680019E-01,5.358618E-03,-9.041915E-02,-1.299492E-02,6.566080E-02,4.972512E-03
1.905000000000E+02,3.666082E-01,5.523705E-03,-8.927175E-02,-1.292964E-02,6.416634E-02,5.129334E-03
1.910000000000E+02,3.651620E-01,5.357705E-03,-8.748997E-02,-1.271014E-02,6.294759E-02,4.613775E-03
1.915000000000E+02,3.634999E-01,5.249794E-03,-8.586755E-02,-1.290307E-02,6.208293E-02,4.292484E-03
1.920000000000E+02,3.621322E-01,5.302682E-03,-8.495206E-02,-1.316412E-02,6.143288E-02,4.971902E-03
1.925000000000E+02,3.608481E-01,5.563711E-03,-8.388058E-02,-1.289481E-02,6.055730E-02,5.063062E-03
1.930000000000E+02,3.597073E-01,5.461412E-03,-8.271889E-02,-1.244804E-02,5.980258E-02,5.080480E-03
1.935000000000E+02,3.582279E-01,4.842451E-03,-8.138422E-02,-1.236297E-02,5.882672E-02,4.749459E-03
1.940000000000E+02,3.570608E-01,4.783754E-03,-8.018138E-02,-1.203536E-02,5.799394E-02,4.756195E-03
1.945000000000E+02,3.560665E-01,5.375561E-03,-7.892396E-02,-1.181718E-02,5.732867E-02,4.525017E-03
1.950000000000E+02,3.548549E-01,5.383769E-03,-7.768723E-02,-1.203888E-02,5.626795E-02,4.339141E-03
1.955000000000E+02,3.534459E-01,5.287776E-03,-7.666306E-02,-1.203072E-02,5.549638E-02,4.299236E-03
1.960000000000E+02,3.523939E-01,5.326713E-03,-7.568534E-02,-1.192374E-02,5.466869E-02,4.191701E-03
1.965000000000E+02,3.512731E-01,5.241375E-03,-7.492030E-02,-1.169394E-02,5.406440E-02,4.471424E-03
1.970000000000E+02,3.500167E-01,5.174991E-03,-7.359010E-02,-1.189174E-02,5.344604E-02,4.637927E-03
1.975000000000E+02,3.490830E-01,5.002802E-03,-7.246398E-02,-1.201796E-02,5.273115E-02,4.472576E-03
1.980000000000E+02,3.480423E-01,5.055754E-03,-7.180081E-02,-1.179289E-02,5.215574E-02,3.994673E-03
1.985000000000E+02,3.466193E-01,5.275847E-03,-7.022093E-02,-1.153861E-02,5.093024E-02,3.926948E-03
1.990000000000E+02,3.458736E-01,5.079804E-03,-6.945249E-02,-1.134273E-02,5.073921E-02,3.879442E-03
1.995000000000E+02,3.450799E-01,4.987890E-03,-6.835175E-02,-1.156349E-02,5.027984E-02,3.684643E-03
2.000000000000E+02,3.440613E-01,4.871868E-03,-6.800950E-02,-1.176005E-02,4.973033E-02,4.091756E-03
2.005000000000E+02,3.431539E-01,5.107759E-03,-6.700263E-02,-1.166394E-02,4.907497E-02,3.928400E-03
2.010000000000E+02,3.420367E-01,5.121864E-03,-6.587777E-02,-1.162420E-02,4.845317E-02,4.016809E-03
2.015000000000E+02,3.411214E-01,4.702474E-03,-6.499653E-02,-1.139841E-02,4.757202E-02,3.700498E-03
2.020000000000E+02,3.402441E-01,4.836195E-03,-6.403805E-02,-1.094601E-02,4.692606E-02,3.864055E-03
2.025000000000E+02,3.394779E-01,4.981694E-03,-6.369966E-02,-1.064165E-02,4.635337E-02,3.913324E-03
2.030000000000E+02,3.383798E-01,4.967147E-03,-6.257893E-02,-1.088941E-02,4.566346E-02,3.688598E-03
2.035000000000E+02,3.375929E-01,4.785102E-03,-6.180294E-02,-1.101298E-02,4.539770E-02,3.793871E-03
2.040000000000E+02,3.365725E-01,4.748865E-03,-6.114057E-02,-1.070570E-02,4.481220E-02,3.914916E-03
2.045000000000E+02,3.357132E-01,4.808237E-03,-6.038862E-02,-1.079774E-02,4.423459E-02,3.854535E-03
2.050000000000E+02,3.348632E-01,4.607140E-03,-5.953525E-02,-1.068006E-02,4.396945E-02,3.700754E-03
2.055000000000E+02,3.337481E-01,4.731801E-03,-5.828183E-02,-1.112627E-02,4.334972E-02,3.387920E-03
2.060000000000E+02,3.334004E-01,4.515434E-03,-5.774349E-02,-1.118448E-02,4.264916E-02,3.511751E-03
2.065000000000E+02,3.322646E-01,4.483089E-03,-5.688245E-02,-1.078930E-02,4.188920E-02,3.348533E-03
2.070000000000E+02,3.313093E-01,4.807731E-03,-5.614796E-02,-1.095441E-02,4.125047E-02,3.158788E-03
2.075000000000E+02,3.307716E-01,4.923424E-03,-5.572125E-02,-1.108983E-02,4.100310E-02,3.249282E-03
2.080000000000E+02,3.297548E-01,4.752810E-03,-5.507137E-02,-1.082503E-02,4.085312E-02,3.215963E-03
2.085000000000E+02,3.286984E-01,4.829679E-03,-5.437357E-02,-1.011073E-02,4.060223E-02,3.114682E-03
2.090000000000E+02,3.280816E-01,4.757638E-03,-5.344669E-02,-9.944854E-03,3.993015E-02,3.291613E-03
2.095000000000E+02,3.275729E-01,4.483514E-03,-5.282636E-02,-1.046371E-02,3.915561E-02,3.484820E-03
2.100000000000E+02,3.269927E-01,4.626359E-03,-5.227691E-02,-1.063332E-02,3.881745E-02,3.249645E-03
2.105000000000E+02,3.260942E-01,4.676083E-03,-5.150139E-02,-1.038440E-02,3.837009E-02,2.905475E-03
2.110000000000E+02,3.247877E-01,4.556899E-03,-5.022933E-02,-1.067791E-02,3.717527E-02,3.112032E-03
2.115000000000E+02,3.242611E-01,4.731060E-03,-4.999434E-02,-1.062700E-02,3.720064E-02,3.251367E-03
2.120000000000E+02,3.236546E-01,4.621509E-03,-4.942666E-02,-1.040056E-02,3.688429E-02,3.257250E-03
2.125000000000E+02,3.234787E-01,4.428784E-03,-4.943199E-02,-1.003411E-02,3.657458E-02,2.940361E-03
2.130000000000E+02,3.226209E-01,4.638446E-03,-4.863344E-02,-9.874452E-03,3.662148E-02,2.412269E-03
2.135000000000E+02,3.216392E-01,4.853620E-03,-4.789766E-02,-1.060552E-02,3.637033E-02,2.972109E-03
2.140000000000E+02,3.208339E-01,4.623276E-03,-4.697835E-02,-1.054232E-02,3.525602E-02,3.324839E-03
2.145000000000E+02,3.201949E-01,4.616325E-03,-4.605754E-02,-1.032752E-02,3.439781E-02,2.974082E-03
2.150000000000E+02,3.193780E-01,4.732390E-03,-4.528671E-02,-1.025657E-02,3.456655E-02,2.859475E-03
2.155000000000E+02,3.184872E-01,4.891104E-03,-4.507346E-02,-1.040020E-02,3.479251E-02,2.976851E-03
2.160000000000E+02,3.180876E-01,5.114798E-03,-4.464183E-02,-1.039088E-02,3.499383E-02,2.704753E-03
2.165000000000E+02,3.172126E-01,5.006440E-03,-4.357772E-02,-1.056270E-02,3.411555E-02,2.921227E-03
2.170000000000E+02,3.165484E-01,4.760418E-03,-4.303393E-02,-1.067448E-02,3.325470E-02,3.312945E-03
2.175000000000E+02,3.161899E-01,4.554870E-03,-4.275466E-02,-1.056314E-02,3.288661E-02,3.150559E-03
2.180000000000E+02,3.155612E-01,4.345451E-03,-4.214795E-02,-1.044957E-02,3.274008E-02,3.033951E-03
2.185000000000E+02,3.146354E-01,4.622960E-03,-4.166462E-02,-1.008101E-02,3.179458E-02,3.014710E-03
2.190000000000E+02,3.135347E-01,4.961999E-03,-4.113579E-02,-9.865949E-03,3.158911E-02,2.453294E-03
2.195000000000E+02,3.132493E-01,5.403421E-03,-4.097917E-02,-1.034346E-02,3.213974E-02,2.902753E-03
2.200000000000E+02,3.126713E-01,5.630059E-03,-4.106911E-02,-1.101582E-02,3.272773E-02,3.548853E-03
2.205000000000E+02,3.118293E-01,4.910268E-03,-3.994669E-02,-1.065718E-02,3.079059E-02,2.145587E-03
2.210000000000E+02,3.113038E-01,4.462797E-03,-3.871686E-02,-1.074934E-02,2.985500E-02,2.083339E-03
2.215000000000E+02,3.104950E-01,4.628377E-03,-3.832328E-02,-1.047042E-02,2.957253E-02,2.093658E-03
2.220000000000E+02,3.099309E-01,4.874988E-03,-3.806010E-02,-1.008422E-02,2.968552E-02,1.835170E-03
2.225000000000E+02,3.092445E-01,5.268033E-03,-3.741794E-02,-1.041789E-02,3.032736E-02,2.601210E-03
2.230000000000E+02,3.085090E-01,5.516741E-03,-3.700418E-02,-1.047251E-02,2.977783E-02,2.441950E-03
2.235000000000E+02,3.080412E-01,5.345338E-03,-3.672295E-02,-1.028315E-02,2.999957E-02,2.267267E-03
2.240000000000E+02,3.074406E-01,5.484799E-03,-3.607837E-02,-1.070327E-02,3.017540E-02,2.706653E-03
2.245000000000E+02,3.067801E-01,5.084841E-03,-3.595897E-02,-1.075186E-02,2.982876E-02,1.855351E-03
2.250000000000E+02,3.061103E-01,5.546023E-03,-3.521640E-02,-1.176528E-02,2.884769E-02,2.415685E-03
2.255000000000E+02,3.049367E-01,5.896104E-03,-3.451904E-02,-1.110122E-02,2.859811E-02,2.263546E-03
2.260000000000E+02,3.038211E-01,5.727881E-03,-3.359158E-02,-1.082796E-02,2.811534E-02,2.549189E-03
2.265000000000E+02,3.033996E-01,6.417602E-03,-3.300882E-02,-1.105371E-02,2.818558E-02,2.817006E-03
2.270000000000E+02,3.027259E-01,6.990907E-03,-3.263852E-02,-1.164906E-02,2.836646E-02,2.675273E-03
2.275000000000E+02,3.020414E-01,7.477711E-03,-3.199281E-02,-1.220317E-02,2.781040E-02,1.876980E-03
2.280000000000E+02,3.015882E-01,8.023098E-03,-3.156346E-02,-1.270073E-02,2.777391E-02,1.611376E-03
2.285000000000E+02,3.012652E-01,9.421188E-03,-3.145064E-02,-1.339884E-02,2.733801E-02,1.601260E-03
2.290000000000E+02,3.026313E-01,1.131542E-02,-3.200974E-02,-1.434564E-02,2.634590E-02,6.992325E-04
2.295000000000E+02,3.037585E-01,1.158803E-02,-3.274952E-02,-1.428884E-02,2.614850E-02,4.607361E-04
2.300000000000E+02,3.048973E-01,1.084322E-02,-3.350617E-02,-1.367084E-02,2.516708E-02,8.184970E-04
2.305000000000E+02,3.053402E-01,8.841068E-03,-3.337585E-02,-1.309143E-02,2.437301E-02,1.857412E-03
2.310000000000E+02,3.045595E-01,7.473792E-03,-3.293494E-02,-1.175560E-02,2.438151E-02,1.754685E-03
2.315000000000E+02,3.040594E-01,6.842772E-03,-3.271636E-02,-1.128198E-02,2.442148E-02,1.764978E-03
2.320000000000E+02,3.029243E-01,6.523798E-03,-3.190994E-02,-1.112952E-02,2.444999E-02,2.002415E-03
2.325000000000E+02,3.020752E-01,6.201429E-03,-3.129070E-02,-1.102688E-02,2.430583E-02,2.128751E-03
2.330000000000E+02,3.012531E-01,5.863947E-03,-3.044469E-02,-1.084798E-02,2.384670E-02,2.162514E-03
2.335000000000E+02,3.000958E-01,5.900841E-03,-2.965046E-02,-1.055603E-02,2.365199E-02,2.248744E-03
2.340000000000E+02,2.997468E-01,5.806907E-03,-2.939432E-02,-1.041994E-02,2.346663E-02,2.387448E-03
2.345000000000E+02,2.988734E-01,5.570663E-03,-2.882432E-02,-1.059212E-02,2.314228E-02,2.683940E-03
2.350000000000E+02,2.978926E-01,5.867315E-03,-2.839590E-02,-1.098639E-02,2.321284E-02,2.311887E-03
2.355000000000E+02,2.972004E-01,5.916240E-03,-2.773219E-02,-1.096872E-02,2.309316E-02,2.111654E-03
2.360000000000E+02,2.962250E-01,6.262775E-03,-2.689203E-02,-1.100550E-02,2.276679E-02,2.127223E-03
2.365000000000E+02,2.954798E-01,6.839698E-03,-2.651239E-02,-1.099111E-02,2.260845E-02,2.220510E-03
2.370000000000E+02,2.947955E-01,7.344869E-03,-2.605724E-02,-1.127153E-02,2.252270E-02,2.387222E-03
2.375000000000E+02,2.935127E-01,8.094263E-03,-2.546428E-02,-1.197001E-02,2.244871E-02,2.564159E-03
2.380000000000E+02,2.930987E-01,9.048055E-03,-2.489070E-02,-1.223019E-02,2.229004E-02,1.996600E-03
2.385000000000E+02,2.932255E-01,1.024544E-02,-2.477051E-02,-1.302803E-02,2.205921E-02,1.869204E-03
2.390000000000E+02,2.938296E-01,1.108568E-02,-2.489306E-02,-1.364715E-02,2.184601E-02,1.974981E-03
2.395000000000E+02,2.953900E-01,1.158494E-02,-2.538626E-02,-1.373437E-02,2.179392E-02,1.817233E-03
2.400000000000E+02,2.965826E-01,1.114842E-02,-2.554052E-02,-1.331196E-02,2.170372E-02,1.806548E-03
2.405000000000E+02,2.970485E-01,9.575756E-03,-2.621285E-02,-1.261164E-02,2.086828E-02,1.815269E-03
2.410000000000E+02,2.968903E-01,8.866268E-03,-2.619033E-02,-1.257760E-02,2.057404E-02,1.847023E-03
2.415000000000E+02,2.969436E-01,8.104439E-03,-2.544948E-02,-1.227633E-02,2.061575E-02,2.394252E-03
2.420000000000E+02,2.957167E-01,7.203538E-03,-2.489749E-02,-1.165380E-02,2.022140E-02,2.217751E-03
2.425000000000E+02,2.946948E-01,7.118054E-03,-2.461531E-02,-1.152591E-02,1.963971E-02,2.198955E-03
2.430000000000E+02,2.941436E-01,6.725277E-03,-2.436754E-02,-1.128549E-02,1.954843E-02,2.302283E-03
2.435000000000E+02,2.937049E-01,6.661082E-03,-2.406112E-02,-1.179464E-02,1.978631E-02,1.943503E-03
2.440000000000E+02,2.927614E-01,6.656790E-03,-2.327970E-02,-1.172478E-02,1.931978E-02,1.788306E-03
2.445000000000E+02,2.924626E-01,6.505709E-03,-2.287383E-02,-1.154800E-02,1.906145E-02,1.978368E-03
2.450000000000E+02,2.918604E-01,6.371723E-03,-2.278282E-02,-1.153750E-02,1.921504E-02,2.006401E-03
2.455000000000E+02,2.910259E-01,5.980658E-03,-2.221073E-02,-1.147241E-02,1.886282E-02,2.193616E-03
2.460000000000E+02,2.905838E-01,6.149785E-03,-2.170892E-02,-1.137783E-02,1.883240E-02,2.290154E-03
2.465000000000E+02,2.899058E-01,6.219948E-03,-2.140540E-02,-1.128936E-02,1.901600E-02,2.306779E-03
2.470000000000E+02,2.892713E-01,6.303848E-03,-2.113462E-02,-1.123879E-02,1.894360E-02,2.378414E-03
2.475000000000E+02,2.890827E-01,6.304825E-03,-2.077281E-02,-1.136869E-02,1.853730E-02,2.374509E-03
2.480000000000E+02,2.888986E-01,6.319155E-03,-2.034129E-02,-1.128877E-02,1.839830E-02,2.207998E-03
2.485000000000E+02,2.883787E-01,6.287443E-03,-2.016905E-02,-1.158753E-02,1.834943E-02,2.268475E-03
2.490000000000E+02,2.878509E-01,6.250813E-03,-1.982808E-02,-1.189350E-02,1.829261E-02,2.360015E-03
2.495000000000E+02,2.875073E-01,6.400961E-03,-1.939229E-02,-1.174651E-02,1.783729E-02,2.129243E-03
2.500000000000E+02,2.868925E-01,6.462354E-03,-1.896571E-02,-1.156791E-02,1.747619E-02,1.893571E-03
2.505000000000E+02,2.861529E-01,6.432022E-03,-1.872037E-02,-1.154311E-02,1.754266E-02,2.139072E-03
2.510000000000E+02,2.858713E-01,6.756807E-03,-1.819410E-02,-1.188434E-02,1.751786E-02,2.391922E-03
2.515000000000E+02,2.854333E-01,6.689959E-03,-1.812553E-02,-1.175782E-02,1.786106E-02,2.547560E-03
2.520000000000E+02,2.850485E-01,6.663076E-03,-1.806067E-02,-1.190773E-02,1.779885E-02,2.429507E-03
2.525000000000E+02,2.841035E-01,7.097096E-03,-1.739707E-02,-1.242059E-02,1.751338E-02,2.770080E-03
2.530000000000E+02,2.838116E-01,6.859070E-03,-1.724399E-02,-1.202968E-02,1.733922E-02,3.128495E-03
2.535000000000E+02,2.836152E-01,6.776405E-03,-1.700883E-02,-1.187854E-02,1.693522E-02,2.629207E-03
2.540000000000E+02,2.831314E-01,6.675149E-03,-1.667218E-02,-1.194718E-02,1.689435E-02,2.448996E-03
2.545000000000E+02,2.828208E-01,7.147177E-03,-1.664294E-02,-1.192114E-02,1.654887E-02,2.422756E-03
2.550000000000E+02,2.823524E-01,7.141956E-03,-1.632283E-02,-1.181352E-02,1.651634E-02,2.338130E-03
2.555000000000E+02,2.820927E-01,6.957720E-03,-1.597890E-02,-1.177970E-02,1.662430E-02,2.308319E-03
2.560000000000E+02,2.819298E-01,7.230255E-03,-1.565792E-02,-1.219351E-02,1.611512E-02,2.225117E-03
2.565000000000E+02,2.814813E-01,7.159513E-03,-1.534135E-02,-1.254423E-02,1.589076E-02,2.562827E-03
2.570000000000E+02,2.806807E-01,7.198127E-03,-1.538651E-02,-1.234786E-02,1.590768E-02,2.511052E-03
2.575000000000E+02,2.802217E-01,7.440958E-03,-1.485588E-02,-1.244914E-02,1.597148E-02,2.439776E-03
2.580000000000E+02,2.801058E-01,7.104255E-03,-1.454547E-02,-1.249172E-02,1.582251E-02,2.510383E-03
2.585000000000E+02,2.799761E-01,7.136828E-03,-1.420463E-02,-1.269017E-02,1.589365E-02,2.328611E-03
2.590000000000E+02,2.794805E-01,7.315500E-03,-1.372886E-02,-1.292472E-02,1.624016E-02,2.046955E-03
2.595000000000E+02,2.792274E-01,7.440692E-03,-1.377170E-02,-1.251962E-02,1.598819E-02,2.098824E-03
2.600000000000E+02,2.786635E-01,7.521424E-03,-1.366386E-02,-1.266688E-02,1.565219E-02,2.505464E-03
2.605000000000E+02,2.778720E-01,7.381089E-03,-1.303581E-02,-1.262700E-02,1.550452E-02,2.729357E-03
2.610000000000E+02,2.778637E-01,7.653662E-03,-1.282589E-02,-1.268893E-02,1.508220E-02,2.382954E-03
2.615000000000E+02,2.776909E-01,7.705816E-03,-1.245120E-02,-1.279282E-02,1.500981E-02,2.345506E-03
2.620000000000E+02,2.770239E-01,7.560600E-03,-1.191885E-02,-1.308748E-02,1.466647E-02,2.796459E-03
2.625000000000E+02,2.766456E-01,7.808943E-03,-1.179321E-02,-1.328596E-02,1.469296E-02,3.122304E-03
2.630000000000E+02,2.761645E-01,7.781720E-03,-1.172220E-02,-1.309412E-02,1.474272E-02,2.540552E-03
2.635000000000E+02,2.757502E-01,7.766952E-03,-1.150691E-02,-1.316054E-02,1.441140E-02,2.131082E-03
2.640000000000E+02,2.756369E-01,7.761979E-03,-1.126977E-02,-1.327342E-02,1.390080E-02,2.425724E-03
2.645000000000E+02,2.754657E-01,7.934314E-03,-1.098143E-02,-1.323330E-02,1.375222E-02,2.660014E-03
2.650000000000E+02,2.748757E-01,8.038107E-03,-1.067655E-02,-1.323878E-02,1.405352E-02,2.749898E-03
2.655000000000E+02,2.745702E-01,8.078327E-03,-1.034796E-02,-1.352213E-02,1.403441E-02,2.674842E-03
2.660000000000E+02,2.741953E-01,8.229735E-03,-1.031011E-02,-1.374747E-02,1.364219E-02,2.625988E-03
2.665000000000E+02,2.738625E-01,8.303312E-03,-1.025636E-02,-1.382665E-02,1.362852E-02,2.424031E-03
2.670000000000E+02,2.731484E-01,8.286974E-03,-9.837900E-03,-1.412613E-02,1.379318E-02,2.557769E-03
2.675000000000E+02,2.730184E-01,8.433461E-03,-9.526957E-03,-1.409978E-02,1.387642E-02,2.680727E-03
2.680000000000E+02,2.727382E-01,8.478574E-03,-8.967096E-03,-1.389852E-02,1.357977E-02,2.806832E-03
2.685000000000E+02,2.718668E-01,8.836658E-03,-8.926567E-03,-1.408941E-02,1.322512E-02,2.839334E-03
2.690000000000E+02,2.715751E-01,8.755592E-03,-8.845257E-03,-1.423332E-02,1.354565E-02,2.559328E-03
2.695000000000E+02,2.713797E-01,8.751518E-03,-8.494985E-03,-1.421332E-02,1.340039E-02,2.474142E-03
2.700000000000E+02,2.711732E-01,8.919238E-03,-8.306713E-03,-1.392406E-02,1.322823E-02,2.515891E-03
2.705000000000E+02,2.705967E-01,8.945026E-03,-8.108454E-03,-1.417239E-02,1.315260E-02,2.578387E-03
2.710000000000E+02,2.701450E-01,9.133825E-03,-7.819077E-03,-1.438977E-02,1.318551E-02,2.454499E-03
2.715000000000E+02,2.698525E-01,9.056089E-03,-7.550608E-03,-1.455060E-02,1.298105E-02,2.365301E-03
2.720000000000E+02,2.695969E-01,9.020446E-03,-7.393948E-03,-1.458844E-02,1.284058E-02,2.633342E-03
2.725000000000E+02,2.691154E-01,9.181438E-03,-7.090217E-03,-1.479929E-02,1.264033E-02,2.718128E-03
2.730000000000E+02,2.686374E-01,9.236822E-03,-6.696391E-03,-1.505607E-02,1.280250E-02,2.893817E-03
2.735000000000E+02,2.680920E-01,9.462780E-03,-6.535307E-03,-1.489190E-02,1.269891E-02,2.671349E-03
2.740000000000E+02,2.677273E-01,9.364693E-03,-6.122319E-03,-1.502117E-02,1.269602E-02,2.429661E-03
2.745000000000E+02,2.671312E-01,9.415983E-03,-5.800446E-03,-1.515711E-02,1.226524E-02,2.289673E-03
2.750000000000E+02,2.665221E-01,9.626620E-03,-5.691779E-03,-1.542587E-02,1.207543E-02,2.453848E-03
2.755000000000E+02,2.659313E-01,9.896201E-03,-5.601557E-03,-1.552264E-02,1.208472E-02,2.444858E-03
2.760000000000E+02,2.654173E-01,9.811769E-03,-5.322689E-03,-1.565012E-02,1.226829E-02,2.602477E-03
2.765000000000E+02,2.642922E-01,1.016379E-02,-4.704430E-03,-1.602957E-02,1.216135E-02,2.613759E-03
2.770000000000E+02,2.631140E-01,1.060281E-02,-4.170527E-03,-1.591448E-02,1.195934E-02,2.455604E-03
2.775000000000E+02,2.613761E-01,1.140385E-02,-3.669652E-03,-1.639514E-02,1.204482E-02,2.388202E-03
2.780000000000E+02,2.581175E-01,1.568087E-02,-2.511859E-03,-1.785818E-02,1.192442E-02,2.214872E-03
2.785000000000E+02,2.594867E-01,2.166884E-02,-3.032205E-03,-1.949494E-02,1.168252E-02,2.247492E-03
2.790000000000E+02,2.695290E-01,1.811153E-02,-6.110310E-03,-1.863753E-02,1.122307E-02,2.489318E-03
2.795000000000E+02,2.703882E-01,1.299867E-02,-6.084788E-03,-1.713387E-02,1.139510E-02,2.849611E-03
2.800000000000E+02,2.688130E-01,1.184993E-02,-5.583792E-03,-1.704298E-02,1.130487E-02,2.918003E-03
2.805000000000E+02,2.672489E-01,1.136414E-02,-4.884055E-03,-1.713570E-02,1.139059E-02,2.386037E-03
2.810000000000E+02,2.664425E-01,1.104139E-02,-4.272852E-03,-1.720666E-02,1.131117E-02,2.842215E-03
2.815000000000E+02,2.656995E-01,1.105307E-02,-4.240143E-03,-1.714475E-02,1.132297E-02,2.945450E-03
2.820000000000E+02,2.649770E-01,1.124609E-02,-3.775269E-03,-1.737604E-02,1.131730E-02,3.004080E-03
2.825000000000E+02,2.646114E-01,1.121294E-02,-3.638621E-03,-1.746328E-02,1.063065E-02,3.289529E-03
2.830000000000E+02,2.644645E-01,1.120379E-02,-3.242467E-03,-1.756131E-02,1.071115E-02,2.973673E-03
2.835000000000E+02,2.636778E-01,1.137789E-02,-3.163260E-03,-1.784901E-02,1.106764E-02,2.657172E-03
2.840000000000E+02,2.628990E-01,1.152789E-02,-3.056447E-03,-1.796029E-02,1.089060E-02,2.890005E-03
2.845000000000E+02,2.628385E-01,1.173591E-02,-2.729934E-03,-1.814319E-02,1.048009E-02,3.333829E-03
2.850000000000E+02,2.623046E-01,1.181117E-02,-2.367199E-03,-1.845074E-02,1.078246E-02,3.410378E-03
2.855000000000E+02,2.614402E-01,1.176334E-02,-2.269658E-03,-1.832513E-02,1.031499E-02,3.226900E-03
2.860000000000E+02,2.612556E-01,1.177155E-02,-2.326734E-03,-1.834851E-02,1.014425E-02,2.993764E-03
2.865000000000E+02,2.610573E-01,1.194417E-02,-1.753799E-03,-1.880402E-02,1.039359E-02,3.180533E-03
2.870000000000E+02,2.608792E-01,1.185205E-02,-1.624702E-03,-1.938096E-02,1.043026E-02,3.189857E-03
2.875000000000E+02,2.603714E-01,1.190605E-02,-1.407611E-03,-1.932667E-02,1.015321E-02,3.288995E-03
2.880000000000E+02,2.597962E-01,1.208999E-02,-1.247542E-03,-1.901989E-02,1.016243E-02,3.005867E-03
2.885000000000E+02,2.595019E-01,1.235018E-02,-1.101086E-03,-1.938120E-02,1.019985E-02,2.949690E-03
2.890000000000E+02,2.596534E-01,1.233235E-02,-9.029999E-04,-1.963639E-02,1.043148E-02,3.324880E-03
2.895000000000E+02,2.591912E-01,1.222195E-02,-6.427484E-04,-1.988619E-02,1.013201E-02,3.316805E-03
2.900000000000E+02,2.585774E-01,1.248633E-02,-2.787609E-04,-2.010258E-02,9.833946E-03,3.394583E-03
2.905000000000E+02,2.580132E-01,1.256769E-02,-1.452465E-04,-2.027334E-02,9.796196E-03,3.299986E-03
2.910000000000E+02,2.578145E-01,1.267947E-02,-4.143674E-04,-2.057499E-02,9.968454E-03,3.304910E-03
2.915000000000E+02,2.575980E-01,1.273398E-02,-3.718768E-04,-2.054974E-02,9.996527E-03,3.367405E-03
2.920000000000E+02,2.572891E-01,1.305335E-02,-2.312374E-05,-2.091504E-02,9.982279E-03,3.211978E-03
2.925000000000E+02,2.571097E-01,1.314897E-02,1.868714E-04,-2.135885E-02,1.001320E-02,2.996556E-03
2.930000000000E+02,2.565911E-01,1.348362E-02,5.263902E-04,-2.140071E-02,9.493988E-03,3.499324E-03
2.935000000000E+02,2.562989E-01,1.345216E-02,6.303278E-04,-2.151660E-02,9.503943E-03,3.277682E-03
2.940000000000E+02,2.558198E-01,1.319049E-02,5.563600E-04,-2.178198E-02,9.711876E-03,2.883798E-03
2.945000000000E+02,2.555105E-01,1.378993E-02,6.108750E-04,-2.242316E-02,9.402455E-03,3.089532E-03
2.950000000000E+02,2.554764E-01,1.408422E-02,5.992196E-04,-2.241072E-02,9.360215E-03,3.377405E-03
2.955000000000E+02,2.551118E-01,1.402697E-02,4.656316E-04,-2.258257E-02,8.958435E-03,3.305248E-03
2.960000000000E+02,2.545721E-01,1.399326E-02,7.904469E-04,-2.296214E-02,8.972150E-03,3.254538E-03
2.965000000000E+02,2.543373E-01,1.402075E-02,1.098869E-03,-2.318657E-02,9.276742E-03,3.245639E-03
2.970000000000E+02,2.544806E-01,1.398993E-02,1.221195E-03,-2.349910E-02,9.333528E-03,3.056293E-03
2.975000000000E+02,2.542518E-01,1.422686E-02,1.119589E-03,-2.388002E-02,9.000896E-03,3.196741E-03
2.980000000000E+02,2.534916E-01,1.425139E-02,1.269075E-03,-2.381794E-02,8.819569E-03,3.459611E-03
2.985000000000E+02,2.534345E-01,1.438159E-02,1.442580E-03,-2.396283E-02,8.958840E-03,3.334004E-03
2.990000000000E+02,2.527589E-01,1.468562E-02,1.555817E-03,-2.414717E-02,8.738647E-03,3.371669E-03
2.995000000000E+02,2.522415E-01,1.514855E-02,1.442474E-03,-2.438811E-02,8.786471E-03,3.680143E-03
3.000000000000E+02,2.519341E-01,1.532847E-02,1.748006E-03,-2.444150E-02,8.574795E-03,3.757725E-03
3.005000000000E+02,2.516491E-01,1.531696E-02,2.032954E-03,-2.457444E-02,8.412100E-03,3.656322E-03
3.010000000000E+02,2.514922E-01,1.533909E-02,2.044860E-03,-2.468295E-02,8.442731E-03,3.316597E-03
3.015000000000E+02,2.510609E-01,1.534038E-02,1.925978E-03,-2.478093E-02,8.483986E-03,3.670255E-03
3.020000000000E+02,2.507346E-01,1.539408E-02,2.109466E-03,-2.508756E-02,8.588396E-03,3.620312E-03
3.025000000000E+02,2.506103E-01,1.539412E-02,2.383889E-03,-2.531209E-02,8.705145E-03,3.440425E-03
3.030000000000E+02,2.503913E-01,1.558129E-02,2.354126E-03,-2.549301E-02,8.602683E-03,3.698983E-03
3.035000000000E+02,2.493077E-01,1.592899E-02,2.228669E-03,-2.584716E-02,7.878975E-03,3.591576E-03
3.040000000000E+02,2.489310E-01,1.587538E-02,2.560941E-03,-2.606556E-02,7.964896E-03,3.578414E-03
3.045000000000E+02,2.488487E-01,1.614944E-02,2.485902E-03,-2.668690E-02,7.794760E-03,3.775611E-03
3.050000000000E+02,2.487418E-01,1.603477E-02,2.589434E-03,-2.691695E-02,7.866034E-03,3.775368E-03
3.055000000000E+02,2.484910E-01,1.578442E-02,2.874480E-03,-2.717916E-02,7.984986E-03,3.768984E-03
3.060000000000E+02,2.474903E-01,1.625866E-02,2.861890E-03,-2.783077E-02,7.961672E-03,4.107666E-03
3.065000000000E+02,2.473768E-01,1.657575E-02,3.079252E-03,-2.794341E-02,7.958893E-03,3.952288E-03
3.070000000000E+02,2.472736E-01,1.676854E-02,3.199975E-03,-2.822929E-02,7.801365E-03,3.945989E-03
3.075000000000E+02,2.469062E-01,1.682483E-02,3.125647E-03,-2.834041E-02,7.572682E-03,3.988570E-03
3.080000000000E+02,2.465591E-01,1.714141E-02,3.184322E-03,-2.885820E-02,7.940216E-03,4.065095E-03
3.085000000000E+02,2.462256E-01,1.699665E-02,2.999582E-03,-2.889641E-02,7.957065E-03,4.105378E-03
3.090000000000E+02,2.456745E-01,1.704316E-02,3.308724E-03,-2.903499E-02,7.843830E-03,4.078626E-03
3.095000000000E+02,2.452353E-01,1.745416E-02,3.328854E-03,-2.931806E-02,7.644224E-03,4.136479E-03
3.100000000000E+02,2.447812E-01,1.758868E-02,3.020601E-03,-2.993275E-02,7.321849E-03,4.287610E-03
3.105000000000E+02,2.445039E-01,1.784614E-02,3.296816E-03,-3.028132E-02,7.472350E-03,4.468918E-03
3.110000000000E+02,2.441759E-01,1.820705E-02,3.251418E-03,-3.054427E-02,7.787189E-03,4.306008E-03
3.115000000000E+02,2.437241E-01,1.860812E-02,3.073316E-03,-3.076850E-02,7.836783E-03,4.163336E-03
3.120000000000E+02,2.436375E-01,1.847924E-02,3.055359E-03,-3.122703E-02,7.790774E-03,4.123990E-03
3.125000000000E+02,2.432000E-01,1.856270E-02,3.136505E-03,-3.172356E-02,7.491001E-03,4.296045E-03
3.130000000000E+02,2.427292E-01,1.860085E-02,3.248635E-03,-3.200027E-02,7.312777E-03,4.596663E-03
3.135000000000E+02,2.422829E-01,1.891254E-02,2.880001E-03,-3.235934E-02,7.224166E-03,4.958493E-03
3.140000000000E+02,2.423842E-01,1.915256E-02,2.737864E-03,-3.257787E-02,7.273651E-03,4.702114E-03
3.145000000000E+02,2.421121E-01,1.927495E-02,2.856844E-03,-3.246511E-02,7.236936E-03,4.623919E-03
3.150000000000E+02,2.415335E-01,1.993243E-02,2.742012E-03,-3.301887E-02,7.337870E-03,4.719241E-03
3.155000000000E+02,2.412001E-01,2.003079E-02,2.775313E-03,-3.345364E-02,7.471256E-03,4.580706E-03
3.160000000000E+02,2.410132E-01,1.981068E-02,2.731561E-03,-3.375661E-02,7.368421E-03,4.551864E-03
3.165000000000E+02,2.405446E-01,1.995307E-02,2.224081E-03,-3.398781E-02,7.287425E-03,4.786793E-03
3.170000000000E+02,2.403164E-01,2.030122E-02,2.142164E-03,-3.432835E-02,7.247895E-03,4.950046E-03
3.175000000000E+02,2.397825E-01,2.077585E-02,2.592221E-03,-3.491323E-02,7.164892E-03,4.940396E-03
3.180000000000E+02,2.394378E-01,2.082524E-02,2.198232E-03,-3.547643E-02,7.113635E-03,4.800586E-03
3.185000000000E+02,2.392595E-01,2.098948E-02,1.928339E-03,-3.563415E-02,7.217941E-03,4.857928E-03
3.190000000000E+02,2.386888E-01,2.084855E-02,1.787478E-03,-3.561569E-02,7.577568E-03,5.065187E-03
3.195000000000E+02,2.381154E-01,2.095758E-02,1.414862E-03,-3.620768E-02,7.419691E-03,4.903271E-03
3.200000000000E+02,2.378387E-01,2.138365E-02,1.542758E-03,-3.658381E-02,7.374161E-03,4.690737E-03
3.205000000000E+02,2.375020E-01,2.162542E-02,1.343357E-03,-3.659454E-02,7.131335E-03,4.950033E-03
3.210000000000E+02,2.371352E-01,2.154375E-02,1.006794E-03,-3.679011E-02,7.106675E-03,5.375796E-03
3.215000000000E+02,2.370170E-01,2.176466E-02,6.099371E-04,-3.717013E-02,7.325916E-03,5.218395E-03
3.220000000000E+02,2.369483E-01,2.208867E-02,5.329562E-04,-3.741732E-02,7.417106E-03,5.043344E-03
3.225000000000E+02,2.364323E-01,2.270267E-02,3.171577E-04,-3.788973E-02,7.593215E-03,4.918759E-03
3.230000000000E+02,2.357778E-01,2.284914E-02,1.109398E-04,-3.827265E-02,7.429001E-03,5.326519E-03
3.235000000000E+02,2.355845E-01,2.281110E-02,1.850942E-04,-3.874801E-02,7.192447E-03,4.972604E-03
3.240000000000E+02,2.350152E-01,2.287853E-02,2.172887E-04,-3.898276E-02,7.045151E-03,4.601394E-03
3.245000000000E+02,2.346924E-01,2.316703E-02,-6.315407E-04,-3.904078E-02,7.118385E-03,4.889948E-03
3.250000000000E+02,2.347821E-01,2.337683E-02,-1.174639E-03,-3.919100E-02,7.184763E-03,4.935344E-03
3.255000000000E+02,2.344456E-01,2.366830E-02,-1.147712E-03,-3.932339E-02,7.281235E-03,5.290249E-03
3.260000000000E+02,2.338759E-01,2.362204E-02,-1.070749E-03,-3.939902E-02,7.492788E-03,5.185053E-03
3.265000000000E+02,2.329957E-01,2.403164E-02,-1.705651E-03,-3.959494E-02,7.421353E-03,4.805283E-03
3.270000000000E+02,2.328811E-01,2.417727E-02,-2.354729E-03,-4.005482E-02,7.277492E-03,5.188146E-03
3.275000000000E+02,2.323191E-01,2.405165E-02,-2.769006E-03,-4.046041E-02,7.191663E-03,5.172040E-03
3.280000000000E+02,2.321511E-01,2.460244E-02,-2.886291E-03,-4.075249E-02,7.244130E-03,5.181514E-03
3.285000000000E+02,2.315908E-01,2.486581E-02,-3.114024E-03,-4.103671E-02,7.448926E-03,5.085077E-03
3.290000000000E+02,2.314952E-01,2.504614E-02,-3.709531E-03,-4.107104E-02,7.527863E-03,5.287609E-03
3.295000000000E+02,2.312775E-01,2.553575E-02,-4.368091E-03,-4.119363E-02,7.318402E-03,5.299196E-03
3.300000000000E+02,2.309205E-01,2.580972E-02,-4.469621E-03,-4.132919E-02,7.160260E-03,5.233934E-03
3.305000000000E+02,2.306623E-01,2.589456E-02,-4.614583E-03,-4.142203E-02,7.314005E-03,5.231448E-03
3.310000000000E+02,2.302426E-01,2.599551E-02,-5.146720E-03,-4.156684E-02,7.616908E-03,5.246164E-03
3.315000000000E+02,2.298008E-01,2.612757E-02,-5.546285E-03,-4.186281E-02,7.377638E-03,5.370485E-03
3.320000000000E+02,2.294479E-01,2.669806E-02,-6.051115E-03,-4.199133E-02,7.331169E-03,5.221194E-03
3.325000000000E+02,2.290008E-01,2.694480E-02,-6.510654E-03,-4.205624E-02,7.223567E-03,5.223132E-03
3.330000000000E+02,2.287586E-01,2.690497E-02,-6.919960E-03,-4.196579E-02,6.929471E-03,4.998147E-03
3.335000000000E+02,2.283249E-01,2.683625E-02,-7.290466E-03,-4.222351E-02,6.914522E-03,5.036747E-03
3.340000000000E+02,2.278767E-01,2.740094E-02,-7.425543E-03,-4.240860E-02,7.125848E-03,5.048298E-03
3.345000000000E+02,2.274724E-01,2.820801E-02,-7.722948E-03,-4.259329E-02,7.434031E-03,5.142466E-03
3.350000000000E+02,2.269093E-01,2.807807E-02,-8.739587E-03,-4.252936E-02,7.653290E-03,5.474572E-03
3.355000000000E+02,2.268290E-01,2.805407E-02,-8.892944E-03,-4.226467E-02,7.352944E-03,5.551489E-03
3.360000000000E+02,2.263177E-01,2.845796E-02,-9.046112E-03,-4.216694E-02,7.122445E-03,5.471317E-03
3.365000000000E+02,2.254256E-01,2.858661E-02,-9.584894E-03,-4.204752E-02,7.308083E-03,5.344626E-03
3.370000000000E+02,2.251864E-01,2.896969E-02,-1.027667E-02,-4.206736E-02,7.247777E-03,5.225970E-03
3.375000000000E+02,2.248818E-01,2.951404E-02,-1.078506E-02,-4.196161E-02,7.229996E-03,5.115052E-03
3.380000000000E+02,2.245813E-01,2.990126E-02,-1.116089E-02,-4.214300E-02,7.395389E-03,5.289325E-03
3.385000000000E+02,2.244291E-01,3.019205E-02,-1.147683E-02,-4.211202E-02,7.495597E-03,5.302292E-03
3.390000000000E+02,2.240122E-01,3.025335E-02,-1.181940E-02,-4.200482E-02,7.589354E-03,5.261530E-03
3.395000000000E+02,2.236551E-01,3.052476E-02,-1.249748E-02,-4.174252E-02,7.945636E-03,5.349230E-03
3.400000000000E+02,2.234174E-01,3.062559E-02,-1.292360E-02,-4.193911E-02,8.059382E-03,5.008269E-03
3.405000000000E+02,2.228128E-01,3.107972E-02,-1.343827E-02,-4.187509E-02,7.979404E-03,4.928022E-03
3.410000000000E+02,2.223927E-01,3.122795E-02,-1.414774E-02,-4.147623E-02,7.644896E-03,4.912758E-03
3.415000000000E+02,2.220988E-01,3.154461E-02,-1.413509E-02,-4.136688E-02,7.520107E-03,4.902618E-03
3.420000000000E+02,2.214866E-01,3.177854E-02,-1.423987E-02,-4.115909E-02,7.535163E-03,5.320487E-03
3.425000000000E+02,2.208341E-01,3.213755E-02,-1.488926E-02,-4.067634E-02,7.693858E-03,5.354971E-03
3.430000000000E+02,2.206890E-01,3.263525E-02,-1.512410E-02,-4.059693E-02,7.619954E-03,5.172451E-03
3.435000000000E+02,2.203704E-01,3.261336E-02,-1.527790E-02,-4.055645E-02,7.551992E-03,4.891147E-03
3.440000000000E+02,2.199474E-01,3.275664E-02,-1.572111E-02,-4.018531E-02,7.647974E-03,4.854745E-03
3.445000000000E+02,2.194687E-01,3.324128E-02,-1.660818E-02,-4.007253E-02,7.624548E-03,4.912664E-03
3.450000000000E+02,2.190949E-01,3.382718E-02,-1.686515E-02,-3.993080E-02,7.722881E-03,5.230424E-03
3.455000000000E+02,2.186353E-01,3.421686E-02,-1.720813E-02,-3.957724E-02,7.712634E-03,5.115598E-03
3.460000000000E+02,2.180975E-01,3.402319E-02,-1.744977E-02,-3.926891E-02,7.611231E-03,4.921468E-03
3.465000000000E+02,2.176447E-01,3.432909E-02,-1.740141E-02,-3.904950E-02,7.575436E-03,4.970879E-03
3.470000000000E+02,2.170356E-01,3.489332E-02,-1.769794E-02,-3.846303E-02,7.798055E-03,4.979692E-03
3.475000000000E+02,2.168023E-01,3.505009E-02,-1.789487E-02,-3.806872E-02,8.046363E-03,4.697252E-03
3.480000000000E+02,2.164850E-01,3.539976E-02,-1.804965E-02,-3.828164E-02,7.865827E-03,4.579459E-03
3.485000000000E+02,2.158857E-01,3.618469E-02,-1.851151E-02,-3.788473E-02,7.476422E-03,4.745244E-03
3.490000000000E+02,2.155827E-01,3.641421E-02,-1.875129E-02,-3.748355E-02,7.598308E-03,4.785048E-03
3.495000000000E+02,2.153123E-01,3.650714E-02,-1.914827E-02,-3.695622E-02,7.866730E-03,4.521544E-03
3.500000000000E+02,2.148859E-01,3.678154E-02,-1.927399E-02,-3.673606E-02,7.793209E-03,4.734190E-03
3.505000000000E+02,2.141825E-01,3.743473E-02,-1.927102E-02,-3.627227E-02,7.624960E-03,4.694608E-03
3.510000000000E+02,2.138351E-01,3.785680E-02,-1.952299E-02,-3.578668E-02,7.605900E-03,4.624469E-03
3.515000000000E+02,2.133673E-01,3.830858E-02,-1.977474E-02,-3.561738E-02,7.563319E-03,4.803922E-03
3.520000000000E+02,2.126114E-01,3.859818E-02,-1.999455E-02,-3.528858E-02,7.636391E-03,4.805481E-03
3.525000000000E+02,2.121587E-01,3.869314E-02,-2.007347E-02,-3.513148E-02,7.547498E-03,4.682578E-03
3.530000000000E+02,2.116482E-01,3.918124E-02,-2.052163E-02,-3.478176E-02,7.236787E-03,4.446148E-03
3.535000000000E+02,2.112542E-01,3.949839E-02,-2.053886E-02,-3.455645E-02,7.417720E-03,4.351607E-03
3.540000000000E+02,2.108063E-01,3.966745E-02,-2.058730E-02,-3.394385E-02,7.592485E-03,4.343636E-03
3.545000000000E+02,2.105560E-01,4.031478E-02,-2.052289E-02,-3.345934E-02,7.418478E-03,4.302358E-03
3.550000000000E+02,2.100973E-01,4.100775E-02,-2.055665E-02,-3.294627E-02,7.504690E-03,4.177425E-03
3.555000000000E+02,2.094726E-01,4.118258E-02,-2.066418E-02,-3.270172E-02,7.550268E-03,4.190149E-03
3.560000000000E+02,2.089278E-01,4.129536E-02,-2.081365E-02,-3.268686E-02,7.477844E-03,4.134984E-03
3.565000000000E+02,2.086684E-01,4.199770E-02,-2.107369E-02,-3.225785E-02,7.384362E-03,4.025545E-03
3.570000000000E+02,2.081689E-01,4.241759E-02,-2.109965E-02,-3.175161E-02,7.319838E-03,4.190878E-03
3.575000000000E+02,2.075596E-01,4.294519E-02,-2.106938E-02,-3.148437E-02,7.246150E-03,4.166974E-03
3.580000000000E+02,2.070329E-01,4.317560E-02,-2.096957E-02,-3.110154E-02,7.466627E-03,4.315504E-03
3.585000000000E+02,2.067049E-01,4.331046E-02,-2.109640E-02,-3.062816E-02,7.240759E-03,4.261922E-03
3.590000000000E+02,2.061771E-01,4.385990E-02,-2.122129E-02,-3.016541E-02,7.383031E-03,3.987455E-03
3.595000000000E+02,2.053947E-01,4.457972E-02,-2.103128E-02,-2.985105E-02,7.225336E-03,4.106166E-03
3.600000000000E+02,2.049211E-01,4.505254E-02,-2.095219E-02,-2.982122E-02,7.213452E-03,3.986687E-03
3.605000000000E+02,2.044396E-01,4.547170E-02,-2.081051E-02,-2.980209E-02,7.365207E-03,4.205740E-03
3.610000000000E+02,2.038835E-01,4.618064E-02,-2.089739E-02,-2.929476E-02,7.297492E-03,4.125027E-03
3.615000000000E+02,2.034588E-01,4.684477E-02,-2.072785E-02,-2.885880E-02,7.131917E-03,3.906181E-03
3.620000000000E+02,2.029768E-01,4.705883E-02,-2.092586E-02,-2.869584E-02,7.164508E-03,3.996506E-03
3.625000000000E+02,2.026063E-01,4.725886E-02,-2.077226E-02,-2.847835E-02,6.952302E-03,4.071396E-03
3.630000000000E+02,2.017103E-01,4.765789E-02,-2.056604E-02,-2.803848E-02,7.173133E-03,3.394167E-03
3.635000000000E+02,2.009501E-01,4.834086E-02,-2.081516E-02,-2.795812E-02,6.587129E-03,3.311983E-03
3.640000000000E+02,2.010737E-01,4.924135E-02,-2.072710E-02,-2.778070E-02,6.737623E-03,3.575693E-03
3.645000000000E+02,2.004877E-01,4.988420E-02,-2.039945E-02,-2.697018E-02,7.022589E-03,3.742495E-03
3.650000000000E+02,1.999613E-01,5.030015E-02,-2.037537E-02,-2.673128E-02,6.918272E-03,3.785975E-03
3.655000000000E+02,1.992809E-01,5.075743E-02,-2.031763E-02,-2.632584E-02,6.921675E-03,3.957612E-03
3.660000000000E+02,1.988776E-01,5.107307E-02,-2.027024E-02,-2.622130E-02,6.947459E-03,3.792917E-03
3.665000000000E+02,1.984739E-01,5.189203E-02,-2.019649E-02,-2.611070E-02,6.637890E-03,3.794939E-03
3.670000000000E+02,1.981125E-01,5.254097E-02,-1.988869E-02,-2.586102E-02,6.576582E-03,3.846609E-03
3.675000000000E+02,1.972700E-01,5.334570E-02,-1.963663E-02,-2.560181E-02,6.704531E-03,3.741260E-03
3.680000000000E+02,1.967705E-01,5.353074E-02,-1.948781E-02,-2.535650E-02,6.574720E-03,3.691726E-03
3.685000000000E+02,1.962522E-01,5.420934E-02,-1.919031E-02,-2.524931E-02,6.473230E-03,3.852439E-03
3.690000000000E+02,1.958617E-01,5.495626E-02,-1.900776E-02,-2.496303E-02,6.502436E-03,3.913255E-03
3.695000000000E+02,1.952626E-01,5.547620E-02,-1.907372E-02,-2.462780E-02,6.526930E-03,3.677928E-03
3.700000000000E+02,1.949754E-01,5.589709E-02,-1.911946E-02,-2.471011E-02,6.568754E-03,3.728101E-03
3.705000000000E+02,1.939950E-01,5.651220E-02,-1.924927E-02,-2.437271E-02,6.163591E-03,3.957537E-03
3.710000000000E+02,1.936913E-01,5.738199E-02,-1.895040E-02,-2.398795E-02,6.254288E-03,3.612974E-03
3.715000000000E+02,1.933532E-01,5.828227E-02,-1.824520E-02,-2.425025E-02,6.367087E-03,4.013968E-03
3.720000000000E+02,1.931133E-01,5.859952E-02,-1.822159E-02,-2.415884E-02,6.469469E-03,4.022143E-03
3.725000000000E+02,1.926378E-01,5.922595E-02,-1.825250E-02,-2.376802E-02,6.405945E-03,3.901705E-03
3.730000000000E+02,1.918013E-01,6.001387E-02,-1.809021E-02,-2.368852E-02,6.315574E-03,3.959273E-03
3.735000000000E+02,1.915578E-01,6.065809E-02,-1.777782E-02,-2.362172E-02,6.272394E-03,3.755240E-03
3.740000000000E+02,1.908505E-01,6.125484E-02,-1.782969E-02,-2.346373E-02,6.019082E-03,3.557244E-03
3.745000000000E+02,1.901286E-01,6.216973E-02,-1.781787E-02,-2.334571E-02,6.298776E-03,3.950842E-03
3.750000000000E+02,1.897425E-01,6.304162E-02,-1.751364E-02,-2.324257E-02,6.069608E-03,3.907124E-03
3.755000000000E+02,1.894327E-01,6.374722E-02,-1.708734E-02,-2.314708E-02,5.874238E-03,3.906732E-03
3.760000000000E+02,1.891684E-01,6.438922E-02,-1.715930E-02,-2.304696E-02,5.934430E-03,3.863224E-03
3.765000000000E+02,1.886037E-01,6.494271E-02,-1.710830E-02,-2.297165E-02,5.982452E-03,3.899669E-03
3.770000000000E+02,1.879773E-01,6.555636E-02,-1.717068E-02,-2.283007E-02,6.050277E-03,3.659379E-03
3.775000000000E+02,1.874351E-01,6.640163E-02,-1.719692E-02,-2.279140E-02,6.270900E-03,3.681292E-03
3.780000000000E+02,1.869809E-01,6.705938E-02,-1.697691E-02,-2.277103E-02,6.073414E-03,3.825702E-03
3.785000000000E+02,1.866293E-01,6.781307E-02,-1.682837E-02,-2.257949E-02,6.149916E-03,3.592917E-03
3.790000000000E+02,1.859893E-01,6.822304E-02,-1.672384E-02,-2.273706E-02,6.226308E-03,3.988294E-03
3.795000000000E+02,1.851047E-01,6.909349E-02,-1.710331E-02,-2.268729E-02,6.228927E-03,4.099536E-03
3.800000000000E+02,1.849286E-01,6.988435E-02,-1.696581E-02,-2.248952E-02,6.200636E-03,4.298159E-03
3.805000000000E+02,1.844277E-01,7.077488E-02,-1.699208E-02,-2.237482E-02,6.279872E-03,4.262695E-03
3.810000000000E+02,1.838631E-01,7.168448E-02,-1.699944E-02,-2.202148E-02,6.074041E-03,3.844981E-03
3.815000000000E+02,1.835272E-01,7.223234E-02,-1.686974E-02,-2.175511E-02,6.220783E-03,3.928696E-03
3.820000000000E+02,1.829713E-01,7.293117E-02,-1.695845E-02,-2.170953E-02,6.351139E-03,4.083700E-03
3.825000000000E+02,1.824008E-01,7.421038E-02,-1.696194E-02,-2.150591E-02,6.167687E-03,4.109636E-03
3.830000000000E+02,1.816931E-01,7.466988E-02,-1.686597E-02,-2.127809E-02,6.175871E-03,3.786961E-03
3.835000000000E+02,1.811708E-01,7.518943E-02,-1.685133E-02,-2.097223E-02,5.909979E-03,3.525455E-03
3.840000000000E+02,1.805487E-01,7.596776E-02,-1.680518E-02,-2.072071E-02,5.875976E-03,3.511449E-03
3.845000000000E+02,1.798903E-01,7.701752E-02,-1.687213E-02,-2.040991E-02,6.057010E-03,3.583195E-03
3.850000000000E+02,1.790062E-01,7.825930E-02,-1.653449E-02,-2.002713E-02,6.060799E-03,3.497511E-03
3.855000000000E+02,1.785799E-01,7.907189E-02,-1.641758E-02,-1.993956E-02,6.120534E-03,3.204762E-03
3.860000000000E+02,1.780915E-01,7.965390E-02,-1.628880E-02,-1.993704E-02,6.227890E-03,3.062067E-03
3.865000000000E+02,1.775261E-01,8.074734E-02,-1.616854E-02,-1.976315E-02,6.171739E-03,3.195618E-03
3.870000000000E+02,1.770208E-01,8.188238E-02,-1.595028E-02,-1.907939E-02,5.974834E-03,3.266702E-03
3.875000000000E+02,1.766265E-01,8.286714E-02,-1.565779E-02,-1.912908E-02,5.431566E-03,3.314291E-03
3.880000000000E+02,1.760229E-01,8.405078E-02,-1.560342E-02,-1.886018E-02,5.719099E-03,3.283729E-03
3.885000000000E+02,1.755245E-01,8.496782E-02,-1.520515E-02,-1.843720E-02,5.688490E-03,3.343122E-03
3.890000000000E+02,1.748068E-01,8.583357E-02,-1.459929E-02,-1.824150E-02,5.343852E-03,3.063759E-03
3.895000000000E+02,1.747666E-01,8.684004E-02,-1.442374E-02,-1.796182E-02,5.604306E-03,3.022763E-03
3.900000000000E+02,1.741052E-01,8.862611E-02,-1.424601E-02,-1.766218E-02,5.544465E-03,3.203679E-03
3.905000000000E+02,1.733644E-01,8.963927E-02,-1.413098E-02,-1.742428E-02,5.159755E-03,3.272856E-03
3.910000000000E+02,1.729871E-01,9.009998E-02,-1.411509E-02,-1.735744E-02,5.061194E-03,3.456324E-03
3.915000000000E+02,1.722910E-01,9.137752E-02,-1.382040E-02,-1.734391E-02,5.392768E-03,3.627012E-03
3.920000000000E+02,1.720670E-01,9.284619E-02,-1.355481E-02,-1.697686E-02,5.349715E-03,3.340853E-03
3.925000000000E+02,1.719156E-01,9.432430E-02,-1.321796E-02,-1.673676E-02,5.265881E-03,3.233073E-03
3.930000000000E+02,1.712316E-01,9.545283E-02,-1.280614E-02,-1.695595E-02,5.282256E-03,3.154195E-03
3.935000000000E+02,1.709916E-01,9.684678E-02,-1.222430E-02,-1.672616E-02,4.954401E-03,3.138465E-03
3.940000000000E+02,1.704535E-01,9.814179E-02,-1.218635E-02,-1.661037E-02,4.843129E-03,2.943621E-03
3.945000000000E+02,1.702231E-01,9.946563E-02,-1.196206E-02,-1.644389E-02,5.037291E-03,3.004536E-03
3.950000000000E+02,1.700968E-01,1.006505E-01,-1.173952E-02,-1.624032E-02,4.848107E-03,3.173542E-03
3.955000000000E+02,1.695960E-01,1.017063E-01,-1.133648E-02,-1.626085E-02,4.676932E-03,3.202616E-03
3.960000000000E+02,1.689516E-01,1.032201E-01,-1.114903E-02,-1.602857E-02,4.399050E-03,3.287985E-03
3.965000000000E+02,1.684622E-01,1.042501E-01,-1.103884E-02,-1.590885E-02,4.359177E-03,3.224972E-03
3.970000000000E+02,1.677936E-01,1.060604E-01,-1.036234E-02,-1.598177E-02,4.159149E-03,3.212863E-03
3.975000000000E+02,1.676418E-01,1.070543E-01,-1.007540E-02,-1.592484E-02,4.278905E-03,3.228860E-03
3.980000000000E+02,1.675472E-01,1.079775E-01,-9.805365E-03,-1.574023E-02,4.148269E-03,3.345244E-03
3.985000000000E+02,1.673236E-01,1.089514E-01,-9.674701E-03,-1.576487E-02,4.144475E-03,3.642423E-03
3.990000000000E+02,1.671574E-01,1.107143E-01,-8.879021E-03,-1.587108E-02,4.021677E-03,3.628812E-03
3.995000000000E+02,1.668083E-01,1.120768E-01,-8.544978E-03,-1.575840E-02,3.926450E-03,3.451792E-03
4.000000000000E+02,1.665151E-01,1.139421E-01,-7.899687E-03,-1.558985E-02,3.855897E-03,3.510895E-03
