passo,Signal 1,Signal 2,Signal 3,Signal 4
unidade,(N)^2,(m/s^2)^2,(m/s^2)^2,(m/s^2)^2
0.000000000000E+00,7.394935E-06,3.731232E-06,2.537635E-05,5.943938E-04
5.000000000000E-01,2.446971E-04,2.208876E-06,1.799370E-05,3.914895E-04
1.000000000000E+00,1.067770E-03,1.455949E-07,4.709471E-07,5.583491E-05
1.500000000000E+00,2.898969E-04,7.293523E-08,7.656494E-08,1.844495E-05
2.000000000000E+00,7.358307E-07,4.577601E-08,5.106083E-08,5.806114E-06
2.500000000000E+00,2.786662E-07,3.451468E-08,3.086480E-08,4.342186E-06
3.000000000000E+00,2.792936E-07,3.533172E-08,2.162511E-08,2.598655E-06
3.500000000000E+00,6.072706E-06,3.751733E-08,1.284852E-08,2.063124E-06
4.000000000000E+00,3.376316E-05,3.145766E-08,7.460656E-09,1.302751E-06
4.500000000000E+00,1.184672E-05,1.791782E-08,7.154744E-09,6.252008E-07
5.000000000000E+00,8.581004E-06,1.681148E-08,8.801980E-09,4.666158E-07
5.500000000000E+00,4.218029E-05,1.708294E-08,9.945198E-09,3.869565E-07
6.000000000000E+00,1.633376E-05,9.535854E-09,1.433894E-08,3.754110E-07
6.500000000000E+00,1.045038E-07,1.038907E-08,1.127976E-08,2.985570E-07
7.000000000000E+00,2.130638E-08,9.180065E-09,5.351914E-09,3.275651E-07
7.500000000000E+00,1.263031E-08,9.241761E-09,8.558381E-09,1.660730E-07
8.000000000000E+00,2.499055E-08,9.001625E-09,8.143732E-09,1.160733E-07
8.500000000000E+00,2.565985E-08,6.864616E-09,4.575294E-09,1.401812E-07
9.000000000000E+00,1.874941E-08,7.931077E-09,5.483982E-09,1.042958E-07
9.500000000000E+00,1.525194E-08,9.881218E-09,6.311430E-09,7.541311E-08
1.000000000000E+01,9.534790E-09,8.724883E-09,8.712486E-09,9.350044E-08
1.050000000000E+01,8.678775E-09,1.026390E-08,8.792678E-09,1.519734E-07
1.100000000000E+01,8.112655E-09,5.919386E-09,5.797315E-09,1.323480E-07
1.150000000000E+01,1.089838E-08,5.477148E-09,7.592060E-09,1.112886E-07
1.200000000000E+01,9.560416E-09,1.027866E-08,8.831587E-09,8.476810E-08
1.250000000000E+01,5.508662E-09,6.675702E-09,7.365420E-09,6.789454E-08
1.300000000000E+01,7.724349E-09,6.619406E-09,4.601204E-09,7.398752E-08
1.350000000000E+01,6.014793E-09,5.209313E-09,6.265432E-09,5.184462E-08
1.400000000000E+01,5.429240E-09,4.999161E-09,7.445890E-09,4.309821E-08
1.450000000000E+01,7.973112E-09,7.424528E-09,9.302666E-09,3.963280E-08
1.500000000000E+01,5.570820E-09,9.037744E-09,7.357872E-09,2.816435E-08
1.550000000000E+01,4.519909E-09,5.022434E-09,5.823473E-09,2.208376E-08
1.600000000000E+01,3.916341E-09,4.157509E-09,4.194703E-09,2.471146E-08
1.650000000000E+01,4.295814E-09,7.334676E-09,5.678682E-09,1.847776E-08
1.700000000000E+01,4.102537E-09,4.841267E-09,6.605112E-09,1.725923E-08
1.750000000000E+01,2.219689E-09,4.678699E-09,5.010315E-09,1.750779E-08
1.800000000000E+01,2.249686E-09,5.944866E-09,3.968303E-09,1.971247E-08
1.850000000000E+01,3.574736E-09,9.306437E-09,3.345244E-09,2.280623E-08
1.900000000000E+01,4.378209E-09,6.431188E-09,4.416380E-09,2.074570E-08
1.950000000000E+01,2.810968E-09,4.251798E-09,5.422604E-09,1.630784E-08
2.000000000000E+01,6.569674E-09,7.122800E-09,1.324479E-08,2.986027E-08
2.050000000000E+01,7.270762E-09,7.451978E-09,1.630138E-08,2.829369E-08
2.100000000000E+01,1.932460E-08,2.242923E-08,5.688608E-08,7.699256E-08
2.150000000000E+01,2.750368E-08,3.790480E-08,7.347586E-08,1.037510E-07
2.200000000000E+01,9.634552E-09,1.059368E-08,1.708631E-08,4.463058E-08
2.250000000000E+01,4.808407E-09,5.202585E-09,1.506611E-08,2.578459E-08
2.300000000000E+01,4.162616E-09,6.479119E-09,2.192215E-08,2.161689E-08
2.350000000000E+01,4.646810E-09,5.659276E-09,1.340036E-08,1.810618E-08
2.400000000000E+01,4.181028E-09,6.230562E-09,6.846631E-09,1.885797E-08
2.450000000000E+01,4.693546E-09,4.616966E-09,5.461244E-09,1.519834E-08
2.500000000000E+01,5.430476E-09,3.527591E-09,3.094133E-09,8.586478E-09
2.550000000000E+01,3.321441E-09,2.382355E-09,2.913290E-09,8.737934E-09
2.600000000000E+01,4.169982E-09,2.102416E-09,2.390495E-09,8.992113E-09
2.650000000000E+01,2.704613E-09,3.309281E-09,2.188063E-09,1.057153E-08
2.700000000000E+01,3.144294E-09,3.571645E-09,4.248548E-09,1.234524E-08
2.750000000000E+01,3.815668E-09,3.852878E-09,3.774399E-09,1.293417E-08
2.800000000000E+01,3.420781E-09,3.412799E-09,3.596283E-09,1.470320E-08
2.850000000000E+01,4.193973E-09,3.268838E-09,4.483730E-09,1.289358E-08
2.900000000000E+01,2.647562E-09,3.499439E-09,3.520341E-09,1.220680E-08
2.950000000000E+01,2.241151E-09,2.824545E-09,3.193128E-09,8.722936E-09
3.000000000000E+01,2.600619E-09,3.886541E-09,3.774447E-09,8.085453E-09
3.050000000000E+01,3.380703E-09,3.355150E-09,3.294286E-09,6.293470E-09
3.100000000000E+01,2.721328E-09,2.222764E-09,2.609091E-09,4.930196E-09
3.150000000000E+01,3.172475E-09,2.954088E-09,2.465742E-09,6.325222E-09
3.200000000000E+01,2.254082E-09,3.029264E-09,4.983490E-09,1.100043E-08
3.250000000000E+01,2.359685E-09,2.132448E-09,5.446941E-09,1.310933E-08
3.300000000000E+01,3.410294E-09,2.541117E-09,3.413514E-09,1.213512E-08
3.350000000000E+01,3.456111E-09,2.094378E-09,2.820946E-09,1.083649E-08
3.400000000000E+01,2.651602E-09,2.527224E-09,2.439839E-09,9.115491E-09
3.450000000000E+01,4.882964E-09,2.242112E-09,2.108069E-09,8.405785E-09
3.500000000000E+01,5.024957E-09,2.562991E-09,1.916901E-09,7.430017E-09
3.550000000000E+01,4.299736E-09,3.689285E-09,2.399344E-09,6.668931E-09
3.600000000000E+01,5.139917E-09,4.267317E-09,2.032724E-09,6.304793E-09
3.650000000000E+01,3.323870E-09,3.498221E-09,1.941481E-09,6.873548E-09
3.700000000000E+01,4.118195E-09,2.522619E-09,1.253410E-09,7.127214E-09
3.750000000000E+01,6.047810E-09,1.433271E-09,1.871482E-09,7.240701E-09
3.800000000000E+01,4.277634E-09,2.188425E-09,1.873293E-09,7.094321E-09
3.850000000000E+01,4.331309E-09,3.079949E-09,1.600921E-09,6.171563E-09
3.900000000000E+01,6.972235E-09,2.010304E-09,2.048470E-09,7.036625E-09
3.950000000000E+01,7.456856E-09,1.708130E-09,2.513706E-09,8.046471E-09
4.000000000000E+01,1.833130E-08,1.823316E-09,4.863563E-09,7.820529E-09
4.050000000000E+01,3.884453E-08,2.091311E-09,6.626249E-09,7.056657E-09
4.100000000000E+01,7.402870E-08,2.969979E-09,3.271304E-09,1.005978E-08
4.150000000000E+01,1.774319E-07,3.446666E-09,2.835923E-09,1.073036E-08
4.200000000000E+01,2.383650E-07,2.454987E-09,3.433858E-09,1.237204E-08
4.250000000000E+01,4.687043E-07,2.448906E-09,7.019348E-09,2.353440E-08
4.300000000000E+01,9.126443E-07,2.618731E-09,1.299298E-08,4.941181E-08
4.350000000000E+01,1.841434E-06,6.767483E-09,3.075841E-08,1.165111E-07
4.400000000000E+01,4.874143E-06,1.235394E-08,5.869656E-08,1.915131E-07
4.450000000000E+01,1.417240E-05,1.879898E-08,8.747691E-08,3.420506E-07
4.500000000000E+01,2.068677E-05,2.912883E-08,1.191251E-07,5.378527E-07
4.550000000000E+01,5.011895E-05,9.667075E-08,3.131294E-07,1.489539E-06
4.600000000000E+01,8.007653E-05,1.731937E-07,4.766522E-07,2.398683E-06
4.650000000000E+01,1.788167E-04,4.258476E-07,1.059469E-06,5.565292E-06
4.700000000000E+01,3.029958E-04,8.279732E-07,1.735735E-06,9.472435E-06
4.750000000000E+01,1.019050E-03,3.307056E-06,5.640949E-06,3.313802E-05
4.800000000000E+01,1.773105E-03,6.270883E-06,9.671329E-06,5.827478E-05
4.850000000000E+01,3.644989E-03,1.456361E-05,1.885491E-05,1.217507E-04
4.900000000000E+01,6.152218E-03,2.719626E-05,3.139313E-05,2.112891E-04
4.950000000000E+01,8.478501E-03,4.346580E-05,4.362901E-05,3.052683E-04
5.000000000000E+01,9.025384E-03,5.203440E-05,4.630157E-05,3.380752E-04
5.050000000000E+01,7.500812E-03,4.774895E-05,3.646765E-05,2.857588E-04
5.100000000000E+01,8.510287E-03,5.861907E-05,3.935201E-05,3.268085E-04
5.150000000000E+01,6.372032E-03,4.960608E-05,2.902979E-05,2.552442E-04
5.200000000000E+01,5.382102E-03,4.659779E-05,2.443243E-05,2.253027E-04
5.250000000000E+01,3.516041E-03,3.270392E-05,1.453560E-05,1.469206E-04
5.300000000000E+01,3.859295E-03,3.871810E-05,1.504159E-05,1.637707E-04
5.350000000000E+01,2.989246E-03,3.379406E-05,1.148810E-05,1.328631E-04
5.400000000000E+01,5.760849E-03,7.405688E-05,2.132933E-05,2.698833E-04
5.450000000000E+01,7.415606E-03,1.020724E-04,2.681346E-05,3.576825E-04
5.500000000000E+01,7.336754E-03,1.128819E-04,2.541452E-05,3.699205E-04
5.550000000000E+01,7.317295E-03,1.222383E-04,2.473049E-05,3.837479E-04
5.600000000000E+01,5.578374E-03,1.043822E-04,1.828625E-05,3.098956E-04
5.650000000000E+01,4.518738E-03,9.237085E-05,1.434145E-05,2.629056E-04
5.700000000000E+01,5.848967E-03,1.376340E-04,1.751484E-05,3.655576E-04
5.750000000000E+01,7.007349E-03,1.771234E-04,2.040879E-05,4.539030E-04
5.800000000000E+01,5.670693E-03,1.596805E-04,1.582472E-05,3.894790E-04
5.850000000000E+01,6.216255E-03,1.945858E-04,1.629863E-05,4.524140E-04
5.900000000000E+01,6.343139E-03,2.183573E-04,1.577515E-05,4.878912E-04
5.950000000000E+01,4.986017E-03,1.908699E-04,1.199826E-05,4.092738E-04
6.000000000000E+01,4.973300E-03,2.191639E-04,1.117130E-05,4.454126E-04
6.050000000000E+01,8.344620E-03,4.022616E-04,1.761007E-05,7.903456E-04
6.100000000000E+01,5.383649E-03,2.811606E-04,1.076836E-05,5.366030E-04
6.150000000000E+01,4.924356E-03,2.931060E-04,8.838912E-06,5.359080E-04
6.200000000000E+01,5.450881E-03,3.554828E-04,8.831358E-06,6.290055E-04
6.250000000000E+01,3.836888E-03,2.690215E-04,5.417372E-06,4.618904E-04
6.300000000000E+01,4.324378E-03,3.396375E-04,5.329194E-06,5.629108E-04
6.350000000000E+01,4.620310E-03,4.040787E-04,5.143746E-06,6.509116E-04
6.400000000000E+01,5.107759E-03,5.054271E-04,4.942039E-06,7.879806E-04
6.450000000000E+01,4.200741E-03,4.646461E-04,3.416948E-06,7.042722E-04
6.500000000000E+01,3.513512E-03,4.495881E-04,2.152145E-06,6.578063E-04
6.550000000000E+01,6.160911E-03,9.145784E-04,2.544587E-06,1.294919E-03
6.600000000000E+01,6.326159E-03,1.034709E-03,1.942890E-06,1.433853E-03
6.650000000000E+01,5.935499E-03,1.124662E-03,9.860179E-07,1.508296E-03
6.700000000000E+01,7.909575E-03,1.644067E-03,6.273100E-07,2.160304E-03
6.750000000000E+01,6.251595E-03,1.377033E-03,2.772935E-07,1.791624E-03
6.800000000000E+01,5.011878E-03,1.339627E-03,1.344666E-07,1.685711E-03
6.850000000000E+01,4.958306E-03,1.518541E-03,5.335876E-07,1.866689E-03
6.900000000000E+01,4.749113E-03,1.727207E-03,1.613847E-06,2.066970E-03
6.950000000000E+01,3.772045E-03,1.575005E-03,2.517100E-06,1.847414E-03
7.000000000000E+01,3.919777E-03,1.994084E-03,5.327122E-06,2.280806E-03
7.050000000000E+01,3.951034E-03,2.383212E-03,8.819777E-06,2.673455E-03
7.100000000000E+01,4.997693E-03,3.796450E-03,1.973526E-05,4.159982E-03
7.150000000000E+01,5.197856E-03,4.757076E-03,3.095366E-05,5.124118E-03
7.200000000000E+01,5.391100E-03,6.563537E-03,5.603656E-05,6.903385E-03
7.250000000000E+01,6.294036E-03,9.743894E-03,1.003746E-04,1.006805E-02
7.300000000000E+01,4.734422E-03,9.111290E-03,1.097385E-04,9.272004E-03
7.350000000000E+01,3.621576E-03,9.564780E-03,1.382748E-04,9.556397E-03
7.400000000000E+01,2.384848E-03,8.455150E-03,1.397528E-04,8.328331E-03
7.450000000000E+01,3.059635E-03,1.767102E-02,3.406742E-04,1.707601E-02
7.500000000000E+01,3.631632E-03,3.256602E-02,6.991972E-04,3.105445E-02
7.550000000000E+01,2.362986E-03,3.548780E-02,8.360568E-04,3.344420E-02
7.600000000000E+01,9.511151E-04,4.712981E-02,1.285500E-03,4.357632E-02
7.650000000000E+01,6.475233E-04,8.929031E-02,2.637015E-03,8.168180E-02
7.700000000000E+01,9.103318E-04,1.151999E-01,3.754591E-03,1.039583E-01
7.750000000000E+01,2.371972E-03,1.256316E-01,4.404042E-03,1.122250E-01
7.800000000000E+01,3.266481E-03,7.450806E-02,2.822546E-03,6.584066E-02
7.850000000000E+01,4.096041E-03,4.445595E-02,1.853198E-03,3.876537E-02
7.900000000000E+01,4.279394E-03,3.061580E-02,1.365933E-03,2.643546E-02
7.950000000000E+01,3.577096E-03,1.543354E-02,7.574630E-04,1.314092E-02
8.000000000000E+01,3.619494E-03,1.075479E-02,5.724353E-04,9.043439E-03
8.050000000000E+01,3.286138E-03,8.441305E-03,4.721505E-04,7.116083E-03
8.100000000000E+01,4.211091E-03,1.177581E-02,6.694809E-04,9.983756E-03
8.150000000000E+01,4.633782E-03,9.712132E-03,5.980480E-04,8.125893E-03
8.200000000000E+01,4.744723E-03,7.981994E-03,5.240614E-04,6.610821E-03
8.250000000000E+01,5.970524E-03,7.868338E-03,5.603799E-04,6.451626E-03
8.300000000000E+01,7.576652E-03,8.821764E-03,6.577083E-04,7.196198E-03
8.350000000000E+01,5.656566E-03,5.603773E-03,4.452370E-04,4.540917E-03
8.400000000000E+01,5.985873E-03,5.077563E-03,4.310673E-04,4.088458E-03
8.450000000000E+01,5.817345E-03,4.481990E-03,3.976365E-04,3.595363E-03
8.500000000000E+01,3.299693E-03,2.254104E-03,2.116014E-04,1.801358E-03
8.550000000000E+01,3.920970E-03,2.373464E-03,2.363334E-04,1.888863E-03
8.600000000000E+01,4.756843E-03,2.676592E-03,2.764623E-04,2.125073E-03
8.650000000000E+01,4.278252E-03,2.178290E-03,2.374777E-04,1.724939E-03
8.700000000000E+01,3.993756E-03,1.876864E-03,2.140470E-04,1.484401E-03
8.750000000000E+01,3.528811E-03,1.506256E-03,1.818050E-04,1.190660E-03
8.800000000000E+01,4.986136E-03,1.964591E-03,2.488569E-04,1.551381E-03
8.850000000000E+01,4.486970E-03,1.659957E-03,2.188763E-04,1.310929E-03
8.900000000000E+01,4.873229E-03,1.643720E-03,2.301688E-04,1.299388E-03
8.950000000000E+01,7.521390E-03,2.415479E-03,3.491983E-04,1.909874E-03
9.000000000000E+01,4.424042E-03,1.348014E-03,2.018732E-04,1.067162E-03
9.050000000000E+01,4.433200E-03,1.243434E-03,1.976833E-04,9.879201E-04
9.100000000000E+01,5.634194E-03,1.493237E-03,2.474210E-04,1.189434E-03
9.150000000000E+01,5.509505E-03,1.391052E-03,2.391320E-04,1.111128E-03
9.200000000000E+01,4.996076E-03,1.190039E-03,2.139218E-04,9.549050E-04
9.250000000000E+01,6.145704E-03,1.372451E-03,2.597586E-04,1.107012E-03
9.300000000000E+01,5.128019E-03,1.108783E-03,2.151777E-04,8.972496E-04
9.350000000000E+01,3.923991E-03,7.967941E-04,1.629156E-04,6.495790E-04
9.400000000000E+01,4.820831E-03,9.328414E-04,1.988796E-04,7.652147E-04
9.450000000000E+01,6.294353E-03,1.157716E-03,2.580316E-04,9.567929E-04
9.500000000000E+01,6.286636E-03,1.114993E-03,2.567497E-04,9.268160E-04
9.550000000000E+01,6.321712E-03,1.059306E-03,2.571649E-04,8.893088E-04
9.600000000000E+01,4.895596E-03,7.955297E-04,1.988986E-04,6.723705E-04
9.650000000000E+01,2.529665E-03,3.896912E-04,1.024147E-04,3.332328E-04
9.700000000000E+01,3.246885E-03,4.774308E-04,1.312604E-04,4.119212E-04
9.750000000000E+01,2.950867E-03,4.188973E-04,1.193325E-04,3.652292E-04
9.800000000000E+01,4.497789E-03,6.091606E-04,1.821623E-04,5.386230E-04
9.850000000000E+01,5.302135E-03,6.942113E-04,2.154075E-04,6.204688E-04
9.900000000000E+01,7.032893E-03,8.852954E-04,2.866074E-04,8.012233E-04
9.950000000000E+01,6.170816E-03,7.468035E-04,2.521296E-04,6.843177E-04
1.000000000000E+02,7.391985E-03,8.539136E-04,3.032461E-04,7.954427E-04
1.005000000000E+02,6.928156E-03,7.769638E-04,2.853590E-04,7.323956E-04
1.010000000000E+02,4.999036E-03,5.414503E-04,2.068995E-04,5.181959E-04
1.015000000000E+02,2.943626E-03,3.086061E-04,1.224505E-04,2.997605E-04
1.020000000000E+02,1.426857E-03,1.432043E-04,5.976717E-05,1.416073E-04
1.025000000000E+02,8.196574E-04,7.993104E-05,3.446278E-05,7.987856E-05
1.030000000000E+02,2.412829E-04,2.252964E-05,1.025562E-05,2.300533E-05
1.035000000000E+02,1.421955E-04,1.277173E-05,6.118048E-06,1.335708E-05
1.040000000000E+02,6.315320E-05,5.490270E-06,2.738828E-06,5.853266E-06
1.045000000000E+02,3.935318E-05,3.212068E-06,1.716407E-06,3.525469E-06
1.050000000000E+02,1.603718E-05,1.299465E-06,7.006774E-07,1.450515E-06
1.055000000000E+02,1.082658E-05,8.764856E-07,4.730949E-07,1.014085E-06
1.060000000000E+02,3.756887E-06,2.787284E-07,1.703076E-07,3.433139E-07
1.065000000000E+02,1.523608E-06,1.056718E-07,7.560320E-08,1.306007E-07
1.070000000000E+02,7.575567E-07,7.491788E-08,3.809904E-08,8.322780E-08
1.075000000000E+02,3.556918E-07,3.723672E-08,1.557828E-08,4.086915E-08
1.080000000000E+02,1.866035E-07,1.703378E-08,8.131529E-09,1.930271E-08
1.085000000000E+02,1.458974E-07,1.505725E-08,7.893750E-09,1.592207E-08
1.090000000000E+02,7.196232E-08,7.564489E-09,4.731598E-09,7.951041E-09
1.095000000000E+02,2.918711E-08,4.027661E-09,2.184745E-09,4.193387E-09
1.100000000000E+02,1.749725E-08,2.652436E-09,2.503428E-09,1.974021E-09
1.105000000000E+02,1.356302E-08,2.811585E-09,2.631436E-09,2.316367E-09
1.110000000000E+02,1.305745E-08,2.528055E-09,1.655905E-09,1.902708E-09
1.115000000000E+02,1.011629E-08,2.229503E-09,1.271561E-09,1.280746E-09
1.120000000000E+02,8.526341E-09,2.819208E-09,8.894226E-10,1.643655E-09
1.125000000000E+02,1.182182E-08,2.693615E-09,1.280862E-09,2.602614E-09
1.130000000000E+02,1.183316E-08,1.822206E-09,1.330277E-09,1.988622E-09
1.135000000000E+02,9.397435E-09,1.407041E-09,9.224604E-10,1.672918E-09
1.140000000000E+02,1.329842E-08,1.657940E-09,1.112355E-09,2.110882E-09
1.145000000000E+02,1.315784E-08,1.657748E-09,1.496476E-09,2.648274E-09
1.150000000000E+02,1.498270E-08,1.451938E-09,2.610746E-09,2.150112E-09
1.155000000000E+02,1.413449E-08,1.391687E-09,4.224307E-09,1.585146E-09
1.160000000000E+02,8.504701E-09,1.172289E-09,1.940195E-09,1.768020E-09
1.165000000000E+02,9.228421E-09,8.611721E-10,1.462517E-09,2.048013E-09
1.170000000000E+02,1.149046E-08,1.748969E-09,2.286226E-09,2.356871E-09
1.175000000000E+02,1.266889E-08,2.179846E-09,1.659476E-09,2.173510E-09
1.180000000000E+02,7.676618E-09,1.785403E-09,1.486607E-09,1.624095E-09
1.185000000000E+02,7.418568E-09,1.391194E-09,2.158662E-09,1.246825E-09
1.190000000000E+02,7.439578E-09,1.281619E-09,1.874090E-09,1.406201E-09
1.195000000000E+02,1.653922E-08,1.974547E-09,3.087529E-09,3.675548E-09
1.200000000000E+02,3.605412E-08,3.111257E-09,6.391094E-09,8.663311E-09
1.205000000000E+02,1.428714E-08,1.582943E-09,4.109778E-09,3.841574E-09
1.210000000000E+02,9.174493E-09,1.169136E-09,2.931306E-09,1.592878E-09
1.215000000000E+02,7.648456E-09,1.420468E-09,2.713949E-09,1.333538E-09
1.220000000000E+02,7.464641E-09,1.723095E-09,2.320500E-09,2.094348E-09
1.225000000000E+02,6.369596E-09,1.593439E-09,2.363736E-09,2.412566E-09
1.230000000000E+02,8.231816E-09,1.379484E-09,2.585949E-09,3.009400E-09
1.235000000000E+02,7.435880E-09,1.087873E-09,2.103194E-09,2.655097E-09
1.240000000000E+02,8.355216E-09,9.912777E-10,2.937621E-09,2.569618E-09
1.245000000000E+02,8.921955E-09,1.148436E-09,3.291751E-09,3.441258E-09
1.250000000000E+02,7.927289E-09,1.518478E-09,5.087686E-09,3.700397E-09
1.255000000000E+02,4.525917E-09,2.050780E-09,5.368501E-09,3.058547E-09
1.260000000000E+02,4.950810E-09,3.470475E-09,7.369020E-09,3.148417E-09
1.265000000000E+02,7.195422E-09,3.160669E-09,8.477545E-09,3.145348E-09
1.270000000000E+02,3.856335E-09,3.034432E-09,9.813072E-09,4.534599E-09
1.275000000000E+02,3.255237E-09,5.007272E-09,1.072849E-08,4.672235E-09
1.280000000000E+02,5.048612E-09,8.549805E-09,1.717119E-08,7.208439E-09
1.285000000000E+02,4.481018E-09,6.440538E-09,1.194370E-08,4.860858E-09
1.290000000000E+02,6.886970E-09,4.849313E-09,1.070466E-08,3.137021E-09
1.295000000000E+02,5.675624E-09,4.382269E-09,1.176262E-08,3.300209E-09
1.300000000000E+02,3.697017E-09,6.690857E-09,1.203942E-08,3.827597E-09
1.305000000000E+02,3.294863E-09,4.826651E-09,7.018261E-09,2.514340E-09
1.310000000000E+02,2.927248E-09,5.603107E-09,9.498006E-09,4.683355E-09
1.315000000000E+02,3.498604E-09,1.116605E-08,2.205322E-08,9.712954E-09
1.320000000000E+02,4.418067E-09,1.498118E-08,2.715498E-08,1.262119E-08
1.325000000000E+02,3.783928E-09,1.070730E-08,1.860100E-08,1.154481E-08
1.330000000000E+02,2.524509E-09,1.693937E-08,3.025986E-08,1.734839E-08
1.335000000000E+02,4.483307E-09,1.614943E-08,2.964952E-08,1.605190E-08
1.340000000000E+02,5.986700E-09,1.702609E-08,3.124086E-08,1.626223E-08
1.345000000000E+02,5.653121E-09,1.214147E-08,2.431029E-08,1.202496E-08
1.350000000000E+02,5.459401E-09,2.435813E-08,5.007426E-08,2.342018E-08
1.355000000000E+02,3.466067E-09,3.006295E-08,5.101004E-08,2.514676E-08
1.360000000000E+02,4.843467E-09,4.023855E-08,6.451808E-08,3.426042E-08
1.365000000000E+02,4.145697E-09,5.456275E-08,8.532511E-08,4.740970E-08
1.370000000000E+02,2.760956E-09,5.099197E-08,8.916539E-08,4.781176E-08
1.375000000000E+02,2.162650E-09,9.959269E-08,1.782042E-07,9.310862E-08
1.380000000000E+02,2.338393E-09,7.840758E-08,1.364204E-07,7.264315E-08
1.385000000000E+02,2.661301E-09,8.425902E-08,1.453984E-07,8.393670E-08
1.390000000000E+02,2.394742E-09,9.304646E-08,1.686492E-07,9.821446E-08
1.395000000000E+02,1.893299E-09,9.998647E-08,1.785964E-07,1.051089E-07
1.400000000000E+02,4.891553E-09,1.601770E-07,2.793251E-07,1.681352E-07
1.405000000000E+02,6.239766E-09,3.063812E-07,5.372257E-07,3.292946E-07
1.410000000000E+02,5.275404E-09,3.484241E-07,5.668045E-07,3.713774E-07
1.415000000000E+02,6.583064E-09,5.966360E-07,9.598833E-07,6.239521E-07
1.420000000000E+02,1.023500E-08,1.322200E-06,2.132788E-06,1.425661E-06
1.425000000000E+02,1.394876E-08,1.658402E-06,2.651722E-06,1.834475E-06
1.430000000000E+02,1.657957E-08,2.641480E-06,4.167875E-06,2.883981E-06
1.435000000000E+02,1.947120E-08,2.590162E-06,4.072770E-06,2.871658E-06
1.440000000000E+02,2.691744E-08,3.777015E-06,5.854425E-06,4.250570E-06
1.445000000000E+02,2.298708E-08,3.862599E-06,5.946139E-06,4.355575E-06
1.450000000000E+02,2.181321E-08,3.296426E-06,5.013685E-06,3.753933E-06
1.455000000000E+02,1.921689E-08,2.389892E-06,3.587480E-06,2.745130E-06
1.460000000000E+02,1.521589E-08,1.879856E-06,2.791344E-06,2.217262E-06
1.465000000000E+02,1.061341E-08,1.309303E-06,1.937020E-06,1.575621E-06
1.470000000000E+02,8.840197E-09,1.069469E-06,1.543551E-06,1.261339E-06
1.475000000000E+02,1.043812E-08,1.297296E-06,1.857376E-06,1.565970E-06
1.480000000000E+02,1.492414E-08,1.788229E-06,2.562423E-06,2.211510E-06
1.485000000000E+02,1.297589E-08,1.467030E-06,2.058636E-06,1.805388E-06
1.490000000000E+02,1.130886E-08,1.464965E-06,2.031211E-06,1.805269E-06
1.495000000000E+02,2.632518E-08,3.084124E-06,4.289401E-06,3.994411E-06
1.500000000000E+02,7.694259E-08,7.416522E-06,1.034799E-05,9.818219E-06
1.505000000000E+02,2.391450E-08,2.658595E-06,3.670116E-06,3.506308E-06
1.510000000000E+02,8.782925E-09,1.315327E-06,1.750556E-06,1.713778E-06
1.515000000000E+02,7.357539E-09,1.006869E-06,1.317427E-06,1.309249E-06
1.520000000000E+02,1.113402E-08,1.456234E-06,1.901199E-06,1.936062E-06
1.525000000000E+02,7.889506E-09,1.215954E-06,1.573143E-06,1.643711E-06
1.530000000000E+02,9.204845E-09,1.200996E-06,1.529516E-06,1.640641E-06
1.535000000000E+02,1.039372E-08,1.585181E-06,2.002300E-06,2.239035E-06
1.540000000000E+02,1.166835E-08,2.166215E-06,2.678113E-06,3.056873E-06
1.545000000000E+02,1.179428E-08,2.093078E-06,2.536781E-06,2.991754E-06
1.550000000000E+02,1.167914E-08,2.141703E-06,2.555051E-06,3.074754E-06
1.555000000000E+02,6.866527E-09,1.098339E-06,1.264994E-06,1.532280E-06
1.560000000000E+02,4.088718E-09,5.559009E-07,6.107372E-07,7.450872E-07
1.565000000000E+02,5.184521E-09,5.973687E-07,6.482554E-07,8.358037E-07
1.570000000000E+02,5.336446E-09,5.213043E-07,5.838585E-07,7.395796E-07
1.575000000000E+02,3.008353E-09,3.747621E-07,4.543363E-07,5.551894E-07
1.580000000000E+02,1.292959E-09,1.935174E-07,2.790210E-07,3.217092E-07
1.585000000000E+02,1.153272E-09,1.598162E-07,2.648215E-07,3.045157E-07
1.590000000000E+02,1.455414E-09,1.223397E-07,1.969286E-07,2.341862E-07
1.595000000000E+02,1.786801E-09,1.522133E-07,2.341592E-07,3.001179E-07
1.600000000000E+02,1.148270E-09,9.313116E-08,1.371377E-07,1.892197E-07
1.605000000000E+02,1.102784E-09,7.348430E-08,1.034056E-07,1.539154E-07
1.610000000000E+02,8.333448E-10,7.417732E-08,1.059316E-07,1.477610E-07
1.615000000000E+02,7.069325E-10,6.793117E-08,9.206015E-08,1.319230E-07
1.620000000000E+02,7.876950E-10,4.743642E-08,5.999585E-08,9.005755E-08
1.625000000000E+02,8.856577E-10,3.261956E-08,4.713241E-08,6.331507E-08
1.630000000000E+02,9.154147E-10,2.724759E-08,3.823422E-08,5.446435E-08
1.635000000000E+02,1.162746E-09,2.149191E-08,2.899427E-08,4.569951E-08
1.640000000000E+02,5.502475E-10,1.796697E-08,2.080342E-08,3.509641E-08
1.645000000000E+02,6.492617E-10,1.914525E-08,2.114963E-08,3.871926E-08
1.650000000000E+02,5.800790E-10,2.108150E-08,2.616565E-08,4.511951E-08
1.655000000000E+02,4.141383E-10,1.658955E-08,2.303729E-08,4.057966E-08
1.660000000000E+02,4.825942E-10,1.672339E-08,2.057293E-08,3.964584E-08
1.665000000000E+02,5.381929E-10,1.660110E-08,1.925585E-08,3.508432E-08
1.670000000000E+02,4.910087E-10,9.893303E-09,1.215855E-08,2.369181E-08
1.675000000000E+02,5.074184E-10,1.299819E-08,1.564348E-08,3.327680E-08
1.680000000000E+02,3.894055E-10,1.358648E-08,1.721471E-08,3.675769E-08
1.685000000000E+02,5.030248E-10,1.239855E-08,1.617045E-08,3.459063E-08
1.690000000000E+02,5.130276E-10,9.701176E-09,1.089177E-08,2.174922E-08
1.695000000000E+02,6.690096E-10,6.350517E-09,6.147324E-09,1.073912E-08
1.700000000000E+02,7.641527E-10,6.573305E-09,7.344712E-09,1.427078E-08
1.705000000000E+02,6.046909E-10,6.064958E-09,8.205160E-09,1.850903E-08
1.710000000000E+02,7.531518E-10,5.785991E-09,7.048022E-09,1.665531E-08
1.715000000000E+02,7.200558E-10,4.828554E-09,5.144603E-09,9.870623E-09
1.720000000000E+02,4.930173E-10,6.592785E-09,6.411411E-09,1.246958E-08
1.725000000000E+02,4.167492E-10,5.105239E-09,4.586852E-09,1.041813E-08
1.730000000000E+02,3.735569E-10,5.114568E-09,5.795825E-09,1.043844E-08
1.735000000000E+02,5.155989E-10,5.124950E-09,6.847931E-09,1.137256E-08
1.740000000000E+02,4.992717E-10,3.476747E-09,4.248242E-09,8.933165E-09
1.745000000000E+02,5.552247E-10,2.079404E-09,2.465743E-09,5.821130E-09
1.750000000000E+02,4.818420E-10,2.308102E-09,2.506471E-09,5.298539E-09
1.755000000000E+02,3.258546E-10,2.295826E-09,3.093418E-09,6.495228E-09
1.760000000000E+02,4.356316E-10,2.548120E-09,2.872128E-09,6.851020E-09
1.765000000000E+02,4.331748E-10,3.962804E-09,3.245125E-09,8.945316E-09
1.770000000000E+02,5.472290E-10,3.889621E-09,4.920627E-09,9.767443E-09
1.775000000000E+02,4.256013E-10,3.085685E-09,4.507958E-09,1.079824E-08
1.780000000000E+02,5.306780E-10,2.235177E-09,2.950787E-09,7.302896E-09
1.785000000000E+02,5.128185E-10,1.912183E-09,2.361546E-09,5.465142E-09
1.790000000000E+02,2.949758E-10,1.378774E-09,2.032480E-09,3.811061E-09
1.795000000000E+02,1.360516E-08,5.985139E-09,2.145333E-09,3.193920E-09
1.800000000000E+02,5.022959E-08,1.808207E-08,2.624660E-09,2.452967E-09
1.805000000000E+02,1.201836E-08,5.361311E-09,1.450360E-09,2.057277E-09
1.810000000000E+02,5.157887E-10,1.123206E-09,9.333520E-10,2.250897E-09
1.815000000000E+02,4.421186E-10,1.071618E-09,1.238567E-09,2.711883E-09
1.820000000000E+02,4.478456E-10,1.005138E-09,1.055495E-09,2.384604E-09
1.825000000000E+02,5.077441E-10,6.218180E-10,8.520626E-10,1.608786E-09
1.830000000000E+02,4.291879E-10,5.523982E-10,7.629436E-10,1.291800E-09
1.835000000000E+02,4.537129E-10,4.257244E-10,6.051089E-10,1.203293E-09
1.840000000000E+02,5.693852E-10,4.729587E-10,4.099635E-10,8.572225E-10
1.845000000000E+02,5.222507E-10,5.623726E-10,6.173659E-10,1.067063E-09
1.850000000000E+02,6.145637E-10,6.671205E-10,7.162888E-10,1.213962E-09
1.855000000000E+02,6.581843E-10,5.052251E-10,6.612068E-10,9.414178E-10
1.860000000000E+02,4.822188E-10,3.952523E-10,6.116092E-10,6.427963E-10
1.865000000000E+02,5.539624E-10,5.272857E-10,4.512352E-10,8.192992E-10
1.870000000000E+02,6.008887E-10,8.099368E-10,5.212982E-10,9.139605E-10
1.875000000000E+02,3.943596E-10,6.190684E-10,5.198830E-10,5.619946E-10
1.880000000000E+02,3.175812E-10,4.497261E-10,4.819024E-10,5.650532E-10
1.885000000000E+02,4.344387E-10,4.289566E-10,7.565591E-10,5.977789E-10
1.890000000000E+02,3.848677E-10,4.644913E-10,6.316325E-10,6.399696E-10
1.895000000000E+02,4.536200E-10,4.292194E-10,4.545571E-10,6.462026E-10
1.900000000000E+02,5.392425E-10,5.783242E-10,7.624346E-10,5.862069E-10
1.905000000000E+02,5.064856E-10,5.703336E-10,8.036999E-10,5.454105E-10
1.910000000000E+02,5.465044E-10,4.447361E-10,4.000522E-10,5.815521E-10
1.915000000000E+02,5.151191E-10,5.126795E-10,3.820693E-10,4.023590E-10
1.920000000000E+02,7.421939E-10,5.186675E-10,4.280069E-10,4.789633E-10
1.925000000000E+02,4.527225E-10,3.975390E-10,5.140319E-10,5.676939E-10
1.930000000000E+02,3.345781E-10,3.703536E-10,3.647255E-10,5.178598E-10
1.935000000000E+02,4.634131E-10,3.702774E-10,3.906549E-10,4.438415E-10
1.940000000000E+02,4.938721E-10,5.592242E-10,3.991661E-10,5.518090E-10
1.945000000000E+02,4.929289E-10,4.352513E-10,2.840571E-10,8.585457E-10
1.950000000000E+02,2.398334E-10,3.036801E-10,2.433139E-10,6.536119E-10
1.955000000000E+02,3.425785E-10,3.733011E-10,3.204532E-10,5.534023E-10
1.960000000000E+02,4.208276E-10,4.751352E-10,4.423470E-10,7.062842E-10
1.965000000000E+02,2.387557E-10,5.526417E-10,4.862759E-10,5.773933E-10
1.970000000000E+02,2.188030E-10,5.890927E-10,4.937652E-10,6.238468E-10
1.975000000000E+02,3.799463E-10,5.534938E-10,2.346762E-10,8.046747E-10
1.980000000000E+02,4.252539E-10,4.339201E-10,1.836128E-10,8.610410E-10
1.985000000000E+02,3.315243E-10,3.130525E-10,1.258659E-10,5.125875E-10
1.990000000000E+02,2.892348E-10,3.562213E-10,1.863469E-10,4.521137E-10
1.995000000000E+02,3.054584E-10,3.480602E-10,2.005007E-10,4.700520E-10
2.000000000000E+02,2.678189E-10,3.257853E-10,2.665652E-10,4.782525E-10
2.005000000000E+02,2.562517E-10,3.729571E-10,4.407176E-10,4.963704E-10
2.010000000000E+02,4.062775E-10,5.229907E-10,3.833582E-10,6.978564E-10
2.015000000000E+02,3.234593E-10,4.803183E-10,4.249073E-10,7.986091E-10
2.020000000000E+02,4.180611E-10,4.736356E-10,4.905132E-10,8.400343E-10
2.025000000000E+02,3.902207E-10,5.472981E-10,6.274865E-10,5.017229E-10
2.030000000000E+02,3.428693E-10,4.429719E-10,5.257441E-10,3.897182E-10
2.035000000000E+02,3.146614E-10,2.901520E-10,2.961998E-10,3.599886E-10
2.040000000000E+02,5.720130E-10,2.967883E-10,2.757730E-10,4.662916E-10
2.045000000000E+02,6.552480E-10,4.926398E-10,5.264812E-10,6.825237E-10
2.050000000000E+02,7.156915E-10,5.388935E-10,5.575523E-10,7.883735E-10
2.055000000000E+02,7.776113E-10,4.643904E-10,6.557959E-10,9.059431E-10
2.060000000000E+02,6.239247E-10,6.341186E-10,5.286918E-10,9.679633E-10
2.065000000000E+02,4.023641E-10,7.093326E-10,4.819031E-10,7.737490E-10
2.070000000000E+02,7.453597E-10,5.718353E-10,3.752308E-10,7.979170E-10
2.075000000000E+02,9.634676E-10,4.709491E-10,2.440678E-10,8.168631E-10
2.080000000000E+02,9.215888E-10,5.265463E-10,3.033969E-10,1.044725E-09
2.085000000000E+02,7.990651E-10,4.125811E-10,4.171392E-10,1.024167E-09
2.090000000000E+02,7.675687E-10,4.427366E-10,4.190482E-10,4.384889E-10
2.095000000000E+02,5.195654E-10,3.820657E-10,6.711818E-10,4.959310E-10
2.100000000000E+02,9.108750E-10,3.137104E-10,6.861972E-10,4.730952E-10
2.105000000000E+02,1.427884E-09,4.238159E-10,4.931098E-10,6.034868E-10
2.110000000000E+02,9.290140E-10,5.978905E-10,4.601573E-10,7.359285E-10
2.115000000000E+02,8.597317E-10,8.465579E-10,4.595635E-10,6.125188E-10
2.120000000000E+02,8.661781E-10,5.640178E-10,4.488147E-10,6.435584E-10
2.125000000000E+02,7.074354E-10,4.791013E-10,4.686176E-10,1.071790E-09
2.130000000000E+02,8.740091E-10,4.996207E-10,3.359013E-10,1.098587E-09
2.135000000000E+02,9.342316E-10,4.338919E-10,4.102326E-10,8.042854E-10
2.140000000000E+02,9.072973E-10,3.538850E-10,5.179306E-10,8.861392E-10
2.145000000000E+02,8.632723E-10,4.723710E-10,5.297686E-10,1.374139E-09
2.150000000000E+02,8.059958E-10,4.081616E-10,5.133782E-10,1.152435E-09
2.155000000000E+02,1.263329E-09,3.144589E-10,6.025629E-10,5.789157E-10
2.160000000000E+02,1.488063E-09,3.535288E-10,4.860849E-10,8.983920E-10
2.165000000000E+02,1.373029E-09,4.428102E-10,3.687071E-10,1.035950E-09
2.170000000000E+02,1.790106E-09,4.282888E-10,3.474878E-10,9.969623E-10
2.175000000000E+02,1.608929E-09,3.564897E-10,6.101983E-10,1.646483E-09
2.180000000000E+02,1.547290E-09,5.903351E-10,6.370082E-10,1.587164E-09
2.185000000000E+02,1.477227E-09,6.545999E-10,5.396469E-10,1.260624E-09
2.190000000000E+02,1.653476E-09,7.659802E-10,5.521613E-10,1.308067E-09
2.195000000000E+02,1.319255E-09,3.394197E-10,9.039344E-10,1.788996E-09
2.200000000000E+02,1.081297E-09,5.750680E-10,6.219537E-10,1.896616E-09
2.205000000000E+02,1.189354E-09,7.194346E-10,5.780612E-10,1.765074E-09
2.210000000000E+02,2.280212E-09,6.508430E-10,7.908668E-10,1.793883E-09
2.215000000000E+02,2.249942E-09,6.148866E-10,9.662605E-10,1.932935E-09
2.220000000000E+02,2.084170E-09,6.381655E-10,9.184408E-10,1.861884E-09
2.225000000000E+02,3.390843E-09,7.899199E-10,8.799177E-10,2.411118E-09
2.230000000000E+02,2.670945E-09,7.543202E-10,9.078145E-10,2.370063E-09
2.235000000000E+02,2.430258E-09,5.724708E-10,1.309694E-09,2.178148E-09
2.240000000000E+02,1.670933E-09,4.724354E-10,8.457905E-10,2.602312E-09
2.245000000000E+02,1.588376E-09,5.359686E-10,9.484108E-10,2.606909E-09
2.250000000000E+02,1.546629E-09,8.912107E-10,1.489110E-09,2.659361E-09
2.255000000000E+02,1.086464E-09,6.569125E-10,1.730808E-09,2.871359E-09
2.260000000000E+02,4.697867E-10,5.257282E-10,1.716765E-09,4.251068E-09
2.265000000000E+02,4.345872E-10,5.267866E-10,2.071426E-09,5.136267E-09
2.270000000000E+02,8.546446E-10,6.901962E-10,1.742510E-09,7.007600E-09
2.275000000000E+02,2.014607E-09,8.094860E-10,2.189011E-09,8.195777E-09
2.280000000000E+02,2.681185E-09,8.105059E-10,1.497888E-09,6.561547E-09
2.285000000000E+02,3.038355E-09,9.545582E-10,9.869355E-10,4.812767E-09
2.290000000000E+02,3.203305E-09,1.225335E-09,8.248073E-10,4.499038E-09
2.295000000000E+02,2.290332E-09,1.163691E-09,1.232468E-09,4.532116E-09
2.300000000000E+02,2.145286E-09,5.254903E-10,1.049841E-09,4.063104E-09
2.305000000000E+02,2.424043E-09,5.958661E-10,9.674884E-10,4.042442E-09
2.310000000000E+02,3.297233E-09,1.077488E-09,1.298079E-09,4.015229E-09
2.315000000000E+02,4.342408E-09,1.637254E-09,1.848698E-09,4.635675E-09
2.320000000000E+02,4.007840E-09,1.268451E-09,1.684389E-09,4.117306E-09
2.325000000000E+02,4.308634E-09,9.489407E-10,1.145471E-09,3.598523E-09
2.330000000000E+02,5.659585E-09,1.111889E-09,1.021033E-09,3.838645E-09
2.335000000000E+02,4.508554E-09,1.223631E-09,1.175193E-09,3.294244E-09
2.340000000000E+02,5.010151E-09,1.315892E-09,9.884918E-10,2.983145E-09
2.345000000000E+02,4.644417E-09,9.318476E-10,6.700321E-10,3.287244E-09
2.350000000000E+02,2.778394E-09,8.822499E-10,6.805930E-10,2.316198E-09
2.355000000000E+02,3.720687E-09,1.129627E-09,5.595266E-10,1.929598E-09
2.360000000000E+02,3.925225E-09,9.723339E-10,6.086207E-10,1.897724E-09
2.365000000000E+02,3.831243E-09,7.085252E-10,8.169815E-10,1.322985E-09
2.370000000000E+02,3.426428E-09,6.676104E-10,6.725073E-10,1.403925E-09
2.375000000000E+02,3.813615E-09,8.448379E-10,3.495849E-10,1.233467E-09
2.380000000000E+02,5.755961E-09,1.278427E-09,3.248052E-10,1.363475E-09
2.385000000000E+02,4.278234E-09,1.154466E-09,5.169307E-10,1.214615E-09
2.390000000000E+02,5.067176E-09,9.222521E-10,4.719776E-10,9.153194E-10
2.395000000000E+02,8.529913E-09,1.185894E-09,4.220399E-10,8.653901E-10
2.400000000000E+02,5.971619E-09,1.041125E-09,3.133039E-10,6.446697E-10
2.405000000000E+02,4.946807E-09,1.123464E-09,3.817814E-10,4.495207E-10
2.410000000000E+02,6.332093E-09,1.289058E-09,3.213581E-10,7.035509E-10
2.415000000000E+02,6.287340E-09,1.206147E-09,3.463239E-10,7.925436E-10
2.420000000000E+02,5.106949E-09,9.874337E-10,2.293425E-10,4.937453E-10
2.425000000000E+02,6.768438E-09,1.334486E-09,2.951747E-10,4.037414E-10
2.430000000000E+02,5.594615E-09,1.090608E-09,3.439076E-10,7.194908E-10
2.435000000000E+02,4.684523E-09,1.057719E-09,2.929877E-10,5.307049E-10
2.440000000000E+02,6.605673E-09,9.753528E-10,3.837955E-10,4.657064E-10
2.445000000000E+02,8.555723E-09,1.247696E-09,2.727882E-10,5.102481E-10
2.450000000000E+02,8.093560E-09,9.861186E-10,3.468807E-10,8.920112E-10
2.455000000000E+02,8.039278E-09,6.978231E-10,3.807095E-10,6.210991E-10
2.460000000000E+02,6.887881E-09,1.106179E-09,4.729915E-10,5.455223E-10
2.465000000000E+02,4.176242E-09,9.637453E-10,4.624044E-10,3.359377E-10
2.470000000000E+02,5.743464E-09,6.055917E-10,3.708663E-10,4.204356E-10
2.475000000000E+02,5.015121E-09,3.394231E-10,2.779015E-10,8.612143E-10
2.480000000000E+02,7.002915E-09,4.364654E-10,2.890480E-10,8.399103E-10
2.485000000000E+02,8.314870E-09,6.625006E-10,3.537835E-10,5.812438E-10
2.490000000000E+02,1.170068E-08,1.015832E-09,3.678897E-10,4.216494E-10
2.495000000000E+02,1.049995E-08,1.374834E-09,3.260616E-10,5.300229E-10
2.500000000000E+02,1.212408E-08,1.754299E-09,3.898088E-10,5.625224E-10
2.505000000000E+02,1.012787E-08,1.111285E-09,3.431080E-10,6.471520E-10
2.510000000000E+02,8.232317E-09,5.548012E-10,3.438428E-10,5.572474E-10
2.515000000000E+02,5.883274E-09,4.897344E-10,5.107297E-10,2.778737E-10
2.520000000000E+02,3.077186E-09,5.860391E-10,4.148866E-10,3.805634E-10
2.525000000000E+02,1.675519E-09,4.401335E-10,2.675325E-10,3.164970E-10
2.530000000000E+02,9.436076E-10,2.906038E-10,2.943540E-10,2.991364E-10
2.535000000000E+02,5.121464E-10,3.009201E-10,3.027392E-10,4.350311E-10
2.540000000000E+02,4.212297E-10,5.086711E-10,2.442127E-10,3.931273E-10
2.545000000000E+02,3.497904E-10,3.841421E-10,2.758717E-10,3.757780E-10
2.550000000000E+02,3.807699E-10,4.187375E-10,3.638052E-10,2.797842E-10
2.555000000000E+02,4.021876E-10,2.995248E-10,4.916829E-10,3.696226E-10
2.560000000000E+02,3.961227E-10,2.798486E-10,4.229247E-10,6.230370E-10
2.565000000000E+02,3.551856E-10,2.138589E-10,4.247742E-10,6.608395E-10
2.570000000000E+02,4.435375E-10,1.916795E-10,5.468037E-10,4.094446E-10
2.575000000000E+02,3.210811E-10,2.625720E-10,3.449273E-10,4.193533E-10
2.580000000000E+02,4.721895E-10,4.175822E-10,2.622081E-10,4.961351E-10
2.585000000000E+02,3.413478E-10,4.879597E-10,2.712845E-10,2.657757E-10
2.590000000000E+02,5.666341E-10,4.320458E-10,3.510901E-10,2.010193E-10
2.595000000000E+02,8.287004E-10,2.163126E-10,4.643126E-10,3.730219E-10
2.600000000000E+02,6.316259E-10,2.052274E-10,4.279271E-10,5.012690E-10
2.605000000000E+02,3.695663E-10,3.449576E-10,3.123805E-10,3.044128E-10
2.610000000000E+02,4.446347E-10,2.848792E-10,4.107215E-10,4.052461E-10
2.615000000000E+02,3.819707E-10,3.284051E-10,3.801477E-10,4.943541E-10
2.620000000000E+02,2.325235E-10,4.105281E-10,4.931448E-10,4.100975E-10
2.625000000000E+02,3.657204E-10,5.125477E-10,5.583675E-10,4.146493E-10
2.630000000000E+02,5.140735E-10,3.910872E-10,4.860349E-10,2.578247E-10
2.635000000000E+02,6.281695E-10,2.882986E-10,3.359308E-10,2.984077E-10
2.640000000000E+02,5.686782E-10,2.862669E-10,2.643955E-10,4.558753E-10
2.645000000000E+02,5.730905E-10,2.475541E-10,3.973993E-10,3.579773E-10
2.650000000000E+02,6.772704E-10,2.432143E-10,3.615587E-10,3.394039E-10
2.655000000000E+02,6.367514E-10,1.799794E-10,2.824917E-10,4.788299E-10
2.660000000000E+02,4.254182E-10,2.446878E-10,4.597261E-10,3.901172E-10
2.665000000000E+02,6.663472E-10,2.317785E-10,3.406852E-10,5.974383E-10
2.670000000000E+02,8.531180E-10,2.159076E-10,4.131624E-10,4.686564E-10
2.675000000000E+02,7.030713E-10,2.950779E-10,3.623516E-10,3.227101E-10
2.680000000000E+02,4.704208E-10,4.152468E-10,3.625371E-10,3.589249E-10
2.685000000000E+02,5.196557E-10,5.122155E-10,2.482379E-10,2.670734E-10
2.690000000000E+02,4.902331E-10,4.011513E-10,2.024547E-10,3.145486E-10
2.695000000000E+02,5.563071E-10,2.332644E-10,2.691822E-10,2.851088E-10
2.700000000000E+02,2.904557E-10,2.016249E-10,3.626141E-10,3.798362E-10
2.705000000000E+02,3.883198E-10,2.182461E-10,3.866996E-10,4.249832E-10
2.710000000000E+02,6.170328E-10,2.834545E-10,3.588007E-10,2.733948E-10
2.715000000000E+02,7.528635E-10,2.679882E-10,3.610289E-10,2.186371E-10
2.720000000000E+02,6.623451E-10,1.493747E-10,3.086738E-10,2.661258E-10
2.725000000000E+02,4.675408E-10,2.377449E-10,2.855119E-10,2.723011E-10
2.730000000000E+02,7.232666E-10,4.761677E-10,2.912850E-10,2.249969E-10
2.735000000000E+02,6.379768E-10,4.035809E-10,3.004540E-10,3.210446E-10
2.740000000000E+02,8.167472E-10,3.942185E-10,2.915084E-10,4.402815E-10
2.745000000000E+02,9.497699E-10,4.924426E-10,2.783779E-10,4.574883E-10
2.750000000000E+02,8.198540E-10,4.618746E-10,2.600545E-10,3.597305E-10
2.755000000000E+02,4.579862E-10,2.438109E-10,3.574762E-10,2.854233E-10
2.760000000000E+02,5.245674E-10,2.298268E-10,4.448564E-10,2.825657E-10
2.765000000000E+02,6.163000E-10,3.418548E-10,3.322250E-10,3.947935E-10
2.770000000000E+02,3.704415E-10,3.813655E-10,2.457680E-10,4.088521E-10
2.775000000000E+02,3.662315E-10,2.800195E-10,2.206128E-10,4.051575E-10
2.780000000000E+02,5.191972E-10,2.457352E-10,2.217177E-10,4.814492E-10
2.785000000000E+02,4.673810E-10,2.806127E-10,1.904736E-10,3.508885E-10
2.790000000000E+02,5.092395E-10,2.268623E-10,1.946807E-10,4.279581E-10
2.795000000000E+02,4.965934E-10,2.738486E-10,2.440300E-10,3.765915E-10
2.800000000000E+02,4.682104E-10,2.995622E-10,3.328882E-10,1.790867E-10
2.805000000000E+02,4.466931E-10,3.274042E-10,3.386429E-10,1.980378E-10
2.810000000000E+02,4.396251E-10,3.111556E-10,2.051384E-10,3.393556E-10
2.815000000000E+02,4.687047E-10,2.297481E-10,3.208869E-10,3.013456E-10
2.820000000000E+02,4.781118E-10,3.310240E-10,3.642352E-10,4.256299E-10
2.825000000000E+02,4.067127E-10,2.301081E-10,3.555959E-10,4.276543E-10
2.830000000000E+02,3.620643E-10,1.753453E-10,2.660763E-10,5.299446E-10
2.835000000000E+02,6.147400E-10,2.261122E-10,2.368990E-10,5.786541E-10
2.840000000000E+02,7.792580E-10,3.714758E-10,1.815960E-10,5.389294E-10
2.845000000000E+02,9.138880E-10,5.105965E-10,1.815818E-10,4.353809E-10
2.850000000000E+02,8.193221E-10,2.668491E-10,3.581874E-10,3.581255E-10
2.855000000000E+02,5.606295E-10,2.132174E-10,4.405979E-10,2.799235E-10
2.860000000000E+02,7.356770E-10,2.795798E-10,3.426658E-10,2.752333E-10
2.865000000000E+02,6.453926E-10,4.732968E-10,3.311902E-10,3.916712E-10
2.870000000000E+02,5.103613E-10,4.649490E-10,2.954604E-10,3.838805E-10
2.875000000000E+02,4.100710E-10,2.548908E-10,2.195347E-10,3.297490E-10
2.880000000000E+02,3.901725E-10,3.254890E-10,2.551062E-10,4.265708E-10
2.885000000000E+02,3.863710E-10,2.712793E-10,3.515882E-10,2.982570E-10
2.890000000000E+02,3.287229E-10,1.640513E-10,3.906086E-10,2.267974E-10
2.895000000000E+02,3.928307E-10,2.284830E-10,2.530033E-10,3.788713E-10
2.900000000000E+02,7.829857E-10,2.723503E-10,2.538689E-10,5.256487E-10
2.905000000000E+02,6.538274E-10,2.232412E-10,3.389677E-10,5.676108E-10
2.910000000000E+02,7.403620E-10,1.712391E-10,2.550150E-10,3.779398E-10
2.915000000000E+02,6.695695E-10,2.212952E-10,2.321936E-10,4.049850E-10
2.920000000000E+02,4.649410E-10,2.684533E-10,3.226252E-10,2.925853E-10
2.925000000000E+02,4.232907E-10,2.579085E-10,4.147701E-10,2.444496E-10
2.930000000000E+02,3.897734E-10,2.484307E-10,2.359037E-10,1.685284E-10
2.935000000000E+02,5.327929E-10,2.406529E-10,2.251727E-10,2.806560E-10
2.940000000000E+02,5.210734E-10,2.807785E-10,2.327016E-10,2.283889E-10
2.945000000000E+02,2.796785E-10,3.108584E-10,1.960388E-10,2.739300E-10
2.950000000000E+02,4.313647E-10,2.784097E-10,2.073359E-10,2.786671E-10
2.955000000000E+02,4.701466E-10,3.494611E-10,2.556695E-10,3.071036E-10
2.960000000000E+02,5.180797E-10,4.318048E-10,2.679049E-10,3.205883E-10
2.965000000000E+02,5.341899E-10,3.086316E-10,3.091574E-10,2.711749E-10
2.970000000000E+02,4.560061E-10,3.370958E-10,3.091559E-10,2.895484E-10
2.975000000000E+02,2.904033E-10,2.819752E-10,2.914187E-10,3.946777E-10
2.980000000000E+02,3.384095E-10,1.622739E-10,2.283422E-10,3.733756E-10
2.985000000000E+02,2.769483E-10,2.035605E-10,2.515296E-10,2.513862E-10
2.990000000000E+02,3.768194E-10,2.531003E-10,3.883130E-10,2.214354E-10
2.995000000000E+02,8.032613E-09,1.420958E-09,2.884063E-10,4.573536E-10
3.000000000000E+02,2.782481E-08,4.043267E-09,3.196419E-10,6.105782E-10
3.005000000000E+02,6.295298E-09,1.049675E-09,2.697463E-10,3.829211E-10
3.010000000000E+02,1.615286E-10,2.503298E-10,2.257371E-10,2.862175E-10
3.015000000000E+02,2.560921E-10,2.630358E-10,2.074385E-10,1.784530E-10
3.020000000000E+02,2.977312E-10,2.741027E-10,1.725719E-10,3.107472E-10
3.025000000000E+02,2.863560E-10,1.781165E-10,2.213578E-10,3.282395E-10
3.030000000000E+02,3.308480E-10,2.310634E-10,2.155010E-10,3.062277E-10
3.035000000000E+02,2.962216E-10,3.169596E-10,2.633839E-10,4.932444E-10
3.040000000000E+02,2.886776E-10,3.083186E-10,3.110288E-10,4.552779E-10
3.045000000000E+02,3.472949E-10,3.705320E-10,3.596793E-10,4.115172E-10
3.050000000000E+02,3.172202E-10,4.501955E-10,2.491931E-10,4.449322E-10
3.055000000000E+02,2.364349E-10,3.440731E-10,2.524153E-10,3.337015E-10
3.060000000000E+02,3.746028E-10,3.577290E-10,2.434299E-10,2.156260E-10
3.065000000000E+02,3.775389E-10,2.259227E-10,3.608821E-10,2.429532E-10
3.070000000000E+02,4.421399E-10,2.229066E-10,4.247111E-10,2.325866E-10
3.075000000000E+02,4.923726E-10,3.943191E-10,3.426995E-10,3.843404E-10
3.080000000000E+02,2.708445E-10,3.931875E-10,2.564120E-10,4.620192E-10
3.085000000000E+02,1.722785E-10,2.397348E-10,2.157620E-10,3.904131E-10
3.090000000000E+02,2.419125E-10,3.378682E-10,2.257795E-10,3.742992E-10
3.095000000000E+02,3.608635E-10,2.796132E-10,2.847145E-10,4.946509E-10
3.100000000000E+02,2.755346E-10,2.270192E-10,2.637887E-10,2.955136E-10
3.105000000000E+02,2.615445E-10,3.621852E-10,2.012509E-10,3.220055E-10
3.110000000000E+02,2.276568E-10,3.839932E-10,2.015697E-10,4.449781E-10
3.115000000000E+02,1.824417E-10,3.367971E-10,3.250404E-10,3.816154E-10
3.120000000000E+02,2.504313E-10,3.313874E-10,4.097364E-10,3.038192E-10
3.125000000000E+02,2.844740E-10,2.550497E-10,3.107004E-10,1.547102E-10
3.130000000000E+02,2.457836E-10,2.711022E-10,1.474619E-10,2.362409E-10
3.135000000000E+02,3.504234E-10,3.331964E-10,1.727411E-10,4.237800E-10
3.140000000000E+02,1.962022E-10,2.654011E-10,2.545240E-10,3.245750E-10
3.145000000000E+02,1.910464E-10,2.408306E-10,4.046652E-10,3.896438E-10
3.150000000000E+02,1.793211E-10,2.906298E-10,2.820305E-10,3.356204E-10
3.155000000000E+02,1.027185E-10,3.518668E-10,2.352261E-10,3.116410E-10
3.160000000000E+02,1.617599E-10,3.527927E-10,1.874194E-10,2.772978E-10
3.165000000000E+02,1.754774E-10,3.478360E-10,2.340161E-10,2.248735E-10
3.170000000000E+02,1.382409E-10,3.915654E-10,2.984942E-10,1.801194E-10
3.175000000000E+02,1.330816E-10,1.920642E-10,2.407445E-10,1.694517E-10
3.180000000000E+02,1.268880E-10,2.060963E-10,2.350989E-10,3.139075E-10
3.185000000000E+02,1.637553E-10,3.917318E-10,3.635051E-10,5.145723E-10
3.190000000000E+02,1.305856E-10,3.877840E-10,4.197893E-10,4.047555E-10
3.195000000000E+02,1.769145E-10,2.567809E-10,2.797656E-10,3.518849E-10
3.200000000000E+02,2.220113E-10,1.530790E-10,2.585935E-10,3.630084E-10
3.205000000000E+02,1.232400E-10,2.192022E-10,2.350500E-10,4.619906E-10
3.210000000000E+02,1.092066E-10,2.513406E-10,2.206374E-10,3.546533E-10
3.215000000000E+02,1.829603E-10,2.311366E-10,2.267249E-10,2.244502E-10
3.220000000000E+02,1.752242E-10,2.888689E-10,2.330811E-10,2.940429E-10
3.225000000000E+02,1.566088E-10,3.164746E-10,3.102104E-10,3.485329E-10
3.230000000000E+02,1.272035E-10,2.340755E-10,3.075754E-10,4.181343E-10
3.235000000000E+02,1.447155E-10,3.239132E-10,2.033020E-10,4.053426E-10
3.240000000000E+02,1.624648E-10,3.798765E-10,2.788987E-10,3.705948E-10
3.245000000000E+02,1.464120E-10,2.842920E-10,2.631996E-10,2.210929E-10
3.250000000000E+02,1.155532E-10,2.352692E-10,3.169560E-10,1.965454E-10
3.255000000000E+02,7.553943E-11,3.601075E-10,3.033173E-10,1.694283E-10
3.260000000000E+02,7.635222E-11,3.511244E-10,2.051118E-10,2.397509E-10
3.265000000000E+02,9.427737E-11,3.031528E-10,2.546196E-10,2.251486E-10
3.270000000000E+02,8.708275E-11,3.145204E-10,2.682524E-10,2.242203E-10
3.275000000000E+02,1.007499E-10,3.200250E-10,3.892057E-10,3.620064E-10
3.280000000000E+02,1.063804E-10,2.466723E-10,2.756916E-10,3.192642E-10
3.285000000000E+02,1.361609E-10,2.707830E-10,3.433586E-10,3.365038E-10
3.290000000000E+02,1.527178E-10,2.773220E-10,4.145470E-10,2.476266E-10
3.295000000000E+02,1.267671E-10,3.132328E-10,2.234814E-10,3.057480E-10
3.300000000000E+02,1.600331E-10,1.972222E-10,2.330145E-10,1.717210E-10
3.305000000000E+02,9.377512E-11,2.940964E-10,2.896645E-10,2.592988E-10
3.310000000000E+02,9.167427E-11,1.787670E-10,3.080383E-10,2.472637E-10
3.315000000000E+02,8.696514E-11,1.575532E-10,1.383307E-10,2.626372E-10
3.320000000000E+02,1.034434E-10,2.701493E-10,1.806222E-10,2.822299E-10
3.325000000000E+02,1.070394E-10,3.160746E-10,2.286968E-10,2.039503E-10
3.330000000000E+02,1.231781E-10,2.702610E-10,2.111653E-10,3.002220E-10
3.335000000000E+02,1.811659E-10,2.388861E-10,1.825735E-10,2.556775E-10
3.340000000000E+02,1.604765E-10,1.328803E-10,2.622023E-10,2.242774E-10
3.345000000000E+02,1.180073E-10,1.805978E-10,2.758712E-10,2.161776E-10
3.350000000000E+02,8.675620E-11,1.436429E-10,2.904168E-10,2.419746E-10
3.355000000000E+02,1.466715E-10,1.639411E-10,3.617310E-10,1.800785E-10
3.360000000000E+02,1.221358E-10,1.745167E-10,3.817283E-10,1.529792E-10
3.365000000000E+02,1.461781E-10,1.937032E-10,2.608843E-10,1.991002E-10
3.370000000000E+02,1.240195E-10,2.153456E-10,3.082695E-10,3.167978E-10
3.375000000000E+02,1.040440E-10,1.838024E-10,2.238207E-10,3.265997E-10
3.380000000000E+02,9.975003E-11,2.394447E-10,2.150233E-10,2.972648E-10
3.385000000000E+02,9.623371E-11,2.126791E-10,1.839623E-10,1.956600E-10
3.390000000000E+02,9.674763E-11,2.904155E-10,2.204856E-10,3.488655E-10
3.395000000000E+02,9.358127E-11,2.225275E-10,1.826990E-10,3.694340E-10
3.400000000000E+02,1.397518E-10,2.342218E-10,2.094786E-10,3.896403E-10
3.405000000000E+02,1.402769E-10,2.365488E-10,2.424293E-10,3.145472E-10
3.410000000000E+02,1.635100E-10,2.158701E-10,2.216047E-10,3.261535E-10
3.415000000000E+02,1.225278E-10,2.606557E-10,1.833798E-10,2.773792E-10
3.420000000000E+02,1.662115E-10,3.943303E-10,2.109624E-10,1.887750E-10
3.425000000000E+02,1.344876E-10,6.317841E-10,2.229132E-10,2.018631E-10
3.430000000000E+02,1.119086E-10,3.914748E-10,2.362142E-10,3.073772E-10
3.435000000000E+02,1.320095E-10,2.148112E-10,1.789785E-10,2.620163E-10
3.440000000000E+02,9.019889E-11,3.108843E-10,1.674687E-10,2.122785E-10
3.445000000000E+02,7.475356E-11,1.861215E-10,2.468304E-10,1.360794E-10
3.450000000000E+02,7.999323E-11,1.789678E-10,2.609542E-10,1.598712E-10
3.455000000000E+02,1.137381E-10,2.099042E-10,1.718499E-10,3.176701E-10
3.460000000000E+02,1.142386E-10,2.666907E-10,1.701300E-10,2.248520E-10
3.465000000000E+02,7.543392E-11,2.086687E-10,2.161990E-10,2.187797E-10
3.470000000000E+02,7.622895E-11,1.775205E-10,2.209195E-10,1.680141E-10
3.475000000000E+02,9.443111E-11,2.063222E-10,2.497216E-10,2.385674E-10
3.480000000000E+02,8.033479E-11,3.129789E-10,1.582536E-10,3.548914E-10
3.485000000000E+02,8.703752E-11,2.319440E-10,2.368848E-10,3.018139E-10
3.490000000000E+02,1.296707E-10,2.690828E-10,1.734131E-10,1.970072E-10
3.495000000000E+02,9.323461E-11,2.889866E-10,1.476610E-10,1.738051E-10
3.500000000000E+02,1.103972E-10,3.841307E-10,2.269000E-10,2.202110E-10
3.505000000000E+02,1.357464E-10,2.653051E-10,3.302944E-10,2.281560E-10
3.510000000000E+02,1.248329E-10,1.991083E-10,3.430841E-10,2.480694E-10
3.515000000000E+02,1.089578E-10,2.526548E-10,2.263814E-10,3.324016E-10
3.520000000000E+02,1.244419E-10,2.522600E-10,2.616921E-10,2.690985E-10
3.525000000000E+02,1.040090E-10,2.242172E-10,2.335848E-10,2.389590E-10
3.530000000000E+02,1.387139E-10,3.341267E-10,1.934698E-10,2.526064E-10
3.535000000000E+02,1.380353E-10,3.280223E-10,2.425679E-10,2.346242E-10
3.540000000000E+02,1.071094E-10,1.441112E-10,1.952454E-10,1.569879E-10
3.545000000000E+02,1.468214E-10,1.354272E-10,1.562193E-10,2.464672E-10
3.550000000000E+02,1.447646E-10,1.550846E-10,1.800251E-10,3.942561E-10
3.555000000000E+02,1.675694E-10,1.465706E-10,1.870083E-10,4.845470E-10
3.560000000000E+02,9.674094E-11,1.517698E-10,2.857271E-10,4.802501E-10
3.565000000000E+02,9.891362E-11,2.735170E-10,3.072198E-10,4.336574E-10
3.570000000000E+02,1.120764E-10,2.007856E-10,3.498856E-10,4.108908E-10
3.575000000000E+02,1.233076E-10,1.708776E-10,2.731368E-10,2.709306E-10
3.580000000000E+02,1.031909E-10,2.085004E-10,2.456393E-10,2.425798E-10
3.585000000000E+02,1.471941E-10,1.574781E-10,2.419331E-10,2.475134E-10
3.590000000000E+02,1.710264E-10,1.856674E-10,3.532942E-10,2.332640E-10
3.595000000000E+02,1.452615E-10,2.834821E-10,3.028594E-10,3.197000E-10
3.600000000000E+02,2.200238E-10,3.705736E-10,1.901100E-10,3.735810E-10
3.605000000000E+02,1.410743E-10,2.926355E-10,2.494349E-10,2.670041E-10
3.610000000000E+02,9.765531E-11,2.252726E-10,3.434485E-10,4.017002E-10
3.615000000000E+02,1.305392E-10,2.718099E-10,3.278593E-10,4.155591E-10
3.620000000000E+02,1.597175E-10,3.661088E-10,3.384572E-10,4.292364E-10
3.625000000000E+02,1.111494E-10,4.585536E-10,2.511299E-10,3.788286E-10
3.630000000000E+02,8.414713E-11,5.451786E-10,2.805254E-10,3.793364E-10
3.635000000000E+02,7.450839E-11,4.455632E-10,3.609976E-10,2.654243E-10
3.640000000000E+02,9.462433E-11,3.206681E-10,3.949084E-10,2.488008E-10
3.645000000000E+02,1.004847E-10,1.796870E-10,2.128980E-10,3.642432E-10
3.650000000000E+02,9.917926E-11,2.434362E-10,1.955747E-10,2.666986E-10
3.655000000000E+02,2.184847E-10,2.647174E-10,3.054666E-10,1.862407E-10
3.660000000000E+02,2.046509E-10,2.212704E-10,3.432856E-10,2.441491E-10
3.665000000000E+02,1.989418E-10,2.984127E-10,4.148719E-10,2.191740E-10
3.670000000000E+02,2.264004E-10,2.441455E-10,4.290950E-10,1.765026E-10
3.675000000000E+02,1.728784E-10,2.627959E-10,4.955347E-10,2.637160E-10
3.680000000000E+02,1.526172E-10,2.287029E-10,3.867522E-10,3.220300E-10
3.685000000000E+02,1.664329E-10,2.161581E-10,2.590992E-10,2.692262E-10
3.690000000000E+02,1.357492E-10,2.620449E-10,3.881881E-10,3.915503E-10
3.695000000000E+02,1.255772E-10,2.998985E-10,3.888540E-10,3.923734E-10
3.700000000000E+02,1.340048E-10,2.875169E-10,2.824914E-10,3.669158E-10
3.705000000000E+02,1.691270E-10,2.882548E-10,3.601699E-10,3.828189E-10
3.710000000000E+02,2.068333E-10,2.834270E-10,3.337949E-10,3.324434E-10
3.715000000000E+02,1.769154E-10,1.647493E-10,2.543885E-10,4.289254E-10
3.720000000000E+02,2.760021E-10,2.349147E-10,2.272747E-10,4.259715E-10
3.725000000000E+02,3.898484E-10,3.062433E-10,3.012017E-10,4.065214E-10
3.730000000000E+02,3.254498E-10,3.238508E-10,3.165743E-10,3.791611E-10
3.735000000000E+02,2.856956E-10,3.402190E-10,6.785810E-10,3.640268E-10
3.740000000000E+02,2.054102E-10,2.837997E-10,4.513323E-10,2.673758E-10
3.745000000000E+02,2.900243E-10,2.049456E-10,3.855000E-10,4.266477E-10
3.750000000000E+02,2.707320E-10,3.324606E-10,5.572781E-10,7.964972E-10
3.755000000000E+02,1.794241E-10,3.693744E-10,7.149910E-10,8.118672E-10
3.760000000000E+02,9.851495E-11,3.240675E-10,5.975291E-10,8.381952E-10
3.765000000000E+02,5.856621E-11,3.852947E-10,6.648706E-10,7.602285E-10
3.770000000000E+02,7.555576E-11,4.654296E-10,1.091798E-09,9.862308E-10
3.775000000000E+02,1.380395E-10,3.514426E-10,1.697081E-09,1.237615E-09
3.780000000000E+02,1.879113E-10,2.985859E-10,9.439822E-10,9.749820E-10
3.785000000000E+02,1.904588E-10,2.965247E-10,6.598178E-10,7.524752E-10
3.790000000000E+02,2.013956E-10,4.813078E-10,1.012663E-09,1.200917E-09
3.795000000000E+02,2.421154E-10,4.344011E-10,1.270114E-09,1.452921E-09
3.800000000000E+02,2.667453E-10,3.767965E-10,1.151888E-09,1.536976E-09
3.805000000000E+02,2.108291E-10,4.469977E-10,1.222440E-09,1.669714E-09
3.810000000000E+02,3.061095E-10,3.459669E-10,2.220749E-09,2.395311E-09
3.815000000000E+02,3.719155E-10,4.222493E-10,2.891615E-09,2.734234E-09
3.820000000000E+02,3.298929E-10,5.769132E-10,2.574772E-09,2.326533E-09
3.825000000000E+02,2.626985E-10,4.240092E-10,1.635746E-09,1.580203E-09
3.830000000000E+02,3.214489E-10,4.134067E-10,1.626579E-09,1.956076E-09
3.835000000000E+02,3.537745E-10,3.369760E-10,1.471980E-09,1.850169E-09
3.840000000000E+02,4.072478E-10,4.283658E-10,1.868538E-09,1.265407E-09
3.845000000000E+02,4.178952E-10,6.239966E-10,1.928870E-09,1.272627E-09
3.850000000000E+02,3.136018E-10,5.186017E-10,1.364092E-09,1.220137E-09
3.855000000000E+02,2.955379E-10,4.510111E-10,1.150073E-09,1.179874E-09
3.860000000000E+02,2.155917E-10,5.323879E-10,8.799547E-10,9.658812E-10
3.865000000000E+02,2.703815E-10,3.410539E-10,9.043514E-10,9.415674E-10
3.870000000000E+02,3.067064E-10,3.884721E-10,7.453565E-10,8.635212E-10
3.875000000000E+02,3.402875E-10,3.850252E-10,5.022715E-10,7.413402E-10
3.880000000000E+02,4.252231E-10,3.347016E-10,5.235554E-10,6.543987E-10
3.885000000000E+02,3.751630E-10,2.841496E-10,4.795313E-10,8.527692E-10
3.890000000000E+02,4.310317E-10,3.427134E-10,8.250611E-10,8.899818E-10
3.895000000000E+02,6.284568E-10,4.545189E-10,9.458291E-10,6.108617E-10
3.900000000000E+02,4.023452E-10,4.455248E-10,8.409329E-10,5.852879E-10
3.905000000000E+02,4.347248E-10,3.909716E-10,7.481904E-10,6.593138E-10
3.910000000000E+02,5.517032E-10,3.822083E-10,6.195280E-10,8.688852E-10
3.915000000000E+02,4.846613E-10,2.756152E-10,5.299757E-10,7.158776E-10
3.920000000000E+02,3.104560E-10,2.360871E-10,8.030889E-10,8.089527E-10
3.925000000000E+02,3.391532E-10,2.511206E-10,8.471818E-10,7.662972E-10
3.930000000000E+02,2.882170E-10,2.837156E-10,6.805885E-10,7.589157E-10
3.935000000000E+02,2.809144E-10,3.376970E-10,5.382327E-10,6.432806E-10
3.940000000000E+02,3.738602E-10,2.678472E-10,5.785431E-10,4.031248E-10
3.945000000000E+02,4.341019E-10,2.253475E-10,5.215817E-10,5.396386E-10
3.950000000000E+02,3.830118E-10,3.356348E-10,2.917113E-10,5.318239E-10
3.955000000000E+02,4.095257E-10,3.977541E-10,5.565700E-10,5.354663E-10
3.960000000000E+02,3.911532E-10,2.399599E-10,7.484307E-10,5.899246E-10
3.965000000000E+02,3.319961E-10,2.286233E-10,5.905965E-10,4.944578E-10
3.970000000000E+02,4.625963E-10,2.480893E-10,4.992295E-10,3.473185E-10
3.975000000000E+02,3.503011E-10,3.479691E-10,2.713721E-10,3.244478E-10
3.980000000000E+02,4.005093E-10,3.380463E-10,4.168146E-10,4.066619E-10
3.985000000000E+02,5.714580E-10,3.109458E-10,5.915925E-10,6.660730E-10
3.990000000000E+02,8.355474E-10,3.401722E-10,6.794177E-10,8.849331E-10
3.995000000000E+02,7.190264E-10,3.202348E-10,6.463439E-10,4.724198E-10
4.000000000000E+02,8.110332E-10,2.625868E-10,5.150289E-10,2.982845E-10
